{
    "m_Version": 10,
    "DisplayName": "#STR_EXPANSION_MARKET_TRADER_CLOTHING",
    "TraderIcon": "Backpack",
    "Currencies": [
        "expansionbanknotehryvnia"
    ],
    "Categories": [
		"Nightvision",
		"Helmets",
        "Armbands",
        "Backpacks",
        "Eyewear",
        "Gloves",
        "Bandanas",
        "Masks",
        "Vests",
        "Holsters_And_Pouches",
        "Ghillies",
        "Belts",
        "Coats_And_Jackets",
        "Pants_And_Shorts",
        "Boots_And_Shoes"
    ],
    "Items": {}
}