{
    "m_Version": 10,
    "DisplayName": "MORTYSWEAPONS",
    "TraderIcon": "Shotgun",
    "Currencies": [
        "expansionbanknotehryvnia"
    ],
    "Categories": [
		"TTC_AssaultRilfes",
        "TTC_SMGs",
        "TTC_BoltActionRilfes",
		"TTC_SemiAutoRilfes",
        "TTC_Handguns",
        "TTC_Shotguns",
        "TTC_PDWs",
        "TTC_DMR",
		"TTC_Sniper",
        "TTC_Magazines",
        "TTC_Supressors",
        "TTC_Optics",
        "TTC_Buttstocks",
        "TTC_Handguards_Rails",
		"TTC_Ammo:3"		
    ],
    "Items": {
        "universallight": 3,
        "tlrlight": 3,
		"Expansion_ANPEQ15_Green": 3
    }
}