{
    "m_Version": 10,
    "DisplayName": "MORTYS SNIPER WEAPONS",
    "TraderIcon": "Shotgun",
    "Currencies": [
        "expansionbanknotehryvnia"
    ],
    "Categories": [
		"TTC_Ammo",
        "TTC_AmmoBoxes",
        "TTC_BoltActionRilfes",
		"TTC_SemiAutoRilfes",
        "TTC_Sniper",
        "TTC_DMR",
        "TTC_Magazines",
        "TTC_Supressors",
        "TTC_Optics",
        "TTC_Buttstocks",
        "TTC_Handguards_Rails"
    ],
    "Items": {
        "universallight": 3,
        "tlrlight": 3,
		"Expansion_ANPEQ15_Green": 3
    }
}