{
    "m_Version": 10,
    "DisplayName": "#STR_EXPANSION_MARKET_TRADER_WEAPONS",
    "TraderIcon": "Shotgun",
    "Currencies": [
        "expansionbanknotehryvnia"
    ],
    "Categories": [
        "Assault_Rifles",
        "Submachine_Guns",
        "Rifles",
        "Pistols",
        "Sniper_Rifles",
        "Shotguns",
        "Melee_Weapons",
        "Knifes",
		"Ammo:3",
        "Magazines:3",
        "Muzzles:3",
        "Bayonets:3",
        "Optics:3",
        "Buttstocks:3",
        "Handguards:3"
    ],
    "Items": {
        "universallight": 3,
        "tlrlight": 3,
		"Expansion_ANPEQ15_Green": 3
    }
}