{
    "m_Version": 5,
    "EnableMap": 1,
    "UseMapOnMapItem": 1,
    "ShowPlayerPosition": 1,
    "ShowMapStats": 1,
    "NeedPenItemForCreateMarker": 0,
    "NeedGPSItemForCreateMarker": 0,
    "CanCreateMarker": 1,
    "CanCreate3DMarker": 1,
    "CanOpenMapWithKeyBinding": 1,
    "ShowDistanceOnPersonalMarkers": 1,
    "EnableHUDGPS": 1,
    "NeedGPSItemForKeyBinding": 1,
    "NeedMapItemForKeyBinding": 0,
    "EnableServerMarkers": 1,
    "ShowNameOnServerMarkers": 1,
    "ShowDistanceOnServerMarkers": 1,
    "ServerMarkers": [
        {
            "m_UID": "CentralTrader",
            "m_Visibility": 6,
            "m_Is3D": 1,
            "m_Text": "Central Trader",
            "m_IconName": "Trader",
            "m_Color": -13710223,
            "m_Position": [
                7424.5,
                237.0,
                4987.2001953125
            ],
            "m_Locked": 0,
            "m_Persist": 0
        },
        {
            "m_UID": "HeliTrader",
            "m_Visibility": 6,
            "m_Is3D": 1,
            "m_Text": "Heli Trader",
            "m_IconName": "Helicopter",
            "m_Color": -16738561,
            "m_Position": [
                6758.39990234375,
                353.20001220703127,
                12760.0
            ],
            "m_Locked": 0,
            "m_Persist": 0
        },
        {
            "m_UID": "Garage_HeliTrader",
            "m_Visibility": 6,
            "m_Is3D": 0,
            "m_Text": "Garage",
            "m_IconName": "Car",
            "m_Color": -16751361,
            "m_Position": [
                6785.60009765625,
                352.21484375,
                12752.5
            ],
            "m_Locked": 0,
            "m_Persist": 0
        },
        {
            "m_UID": "Garage_CentralTrader",
            "m_Visibility": 6,
            "m_Is3D": 0,
            "m_Text": "Garage",
            "m_IconName": "Car",
            "m_Color": -16751361,
            "m_Position": [
                7430.5,
                234.90036010742188,
                5010.2001953125
            ],
            "m_Locked": 0,
            "m_Persist": 0
        }
    ],
    "EnableHUDCompass": 1,
    "NeedCompassItemForHUDCompass": 1,
    "NeedGPSItemForHUDCompass": 1,
    "CompassColor": -1,
    "CreateDeathMarker": 1,
    "PlayerLocationNotifier": 1,
    "CompassBadgesColor": -1946157056
}