{
    "m_Version": 11,
    "MarketSystemEnabled": 1,
    "NetworkCategories": [],
    "CurrencyIcon": "DayZExpansion/Core/GUI/icons/misc/coinstack2_64x64.edds",
    "ATMSystemEnabled": 1,
    "MaxDepositMoney": 1500000,
    "DefaultDepositMoney": 0,
    "ATMPlayerTransferEnabled": 1,
    "ATMPartyLockerEnabled": 1,
    "MaxPartyDepositMoney": 3500000,
    "UseWholeMapForATMPlayerList": 1,
    "SellPricePercent": 50.0,
    "NetworkBatchSize": 100,
    "MaxVehicleDistanceToTrader": 120.0,
    "MaxLargeVehicleDistanceToTrader": 744.0,
    "LargeVehicles": [
        "expansionlhd"
    ],
    "LandSpawnPositions": [
		{
            "Position": [
                7428.0,
                234.9,
                4998.0
            ],
            "Orientation": [
                0.0,
                0.0,
                0.0
            ]
        },
		{
            "Position": [
                7417.0,
                234.93,
                4999.0
            ],
            "Orientation": [
                0.0,
                0.0,
                0.0
            ]
        },
		{
            "Position": [
                7410.0,
                234.95,
                4998.0
            ],
            "Orientation": [
                0.0,
                0.0,
                0.0
            ]
        }
	],
    "AirSpawnPositions": [
	{
            "Position": [
                6740.0,
                352.21,
                12777.0
            ],
            "Orientation": [
                0.0,
                0.0,
                0.0
            ]
        },
		{
            "Position": [
                6767.0,
                352.21,
                12770.0
            ],
            "Orientation": [
                0.0,
                0.0,
                0.0
            ]
        },
		{
            "Position": [
                6784.0,
                352.21,
                12769.0
            ],
            "Orientation": [
                0.0,
                0.0,
                0.0
            ]
        }
	],
    "WaterSpawnPositions": [],
    "MarketMenuColors": {
        "BaseColorVignette": "000000C8",
        "BaseColorHeaders": "13171BFF",
        "BaseColorLabels": "27272DFF",
        "BaseColorText": "FBFCFEFF",
        "BaseColorCheckboxes": "FBFCFEFF",
        "BaseColorInfoSectionBackground": "2225268C",
        "BaseColorTooltipsHeaders": "000000F0",
        "BaseColorTooltipsBackground": "000000DC",
        "ColorDecreaseQuantityButton": "DD262614",
        "ColorDecreaseQuantityIcon": "DD262628",
        "ColorSetQuantityButton": "C7265114",
        "ColorIncreaseQuantityButton": "A0CC7114",
        "ColorIncreaseQuantityIcon": "A0CC7128",
        "ColorSellPanel": "27272DFF",
        "ColorSellButton": "DD262628",
        "ColorBuyPanel": "27272DFF",
        "ColorBuyButton": "A0CC7128",
        "ColorMarketIcon": "E241428C",
        "ColorFilterOptionsButton": "C726518C",
        "ColorFilterOptionsIcon": "C726518C",
        "ColorSearchFilterButton": "C726518C",
        "ColorCategoryButton": "C726518C",
        "ColorCategoryCollapseIcon": "C726518C",
        "ColorCurrencyDenominationText": "FFB418FF",
        "ColorItemButton": "C726518C",
        "ColorItemInfoIcon": "FFB418FF",
        "ColorItemInfoTitle": "FFB418FF",
        "ColorItemInfoHasContainerItems": "FFB418FF",
        "ColorItemInfoHasAttachments": "FFB418FF",
        "ColorItemInfoHasBullets": "FFB418FF",
        "ColorItemInfoIsAttachment": "FFB418FF",
        "ColorItemInfoIsEquipped": "FFB418FF",
        "ColorItemInfoAttachments": "FFB418FF",
        "ColorToggleCategoriesText": "C726518C",
        "ColorCategoryCorners": "FBFCFEFF",
        "ColorCategoryBackground": "222526FF"
    },
    "Currencies": [
        "expansionbanknotehryvnia"
    ],
    "VehicleKeys": [
        "ExpansionCarKey"
    ]
}