{
    "m_Version": 6,
    "m_DisplayName": "Heli Trader",
    "Position": [
        6758.39990234375,
        353.20001220703127,
        12760.0
    ],
    "Radius": 150.0,
    "BuyPricePercent": 100.0,
    "SellPricePercent": 70.0,
    "Stock": {
        "expansionspraycanmerlinvrana": 75,
        "expansionspraycanmh6sheriff": 75,
        "expansionkeychain_green": 0,
        "expansionkeychain_pink": 0,
        "carbattery": 0,
        "expansionspraycanblue": 75,
        "sparkplug": 0,
        "expansionigniterplug": 0,
        "expansionspraycangreyrust": 75,
        "expansionmh6": 5,
        "expansionspraycanmh6resistance": 75,
        "expansionkeychain_purp": 0,
        "expansionspraycanmerlinwave": 75,
        "expansionspraycanorange": 75,
        "expansionspraycanlightgreen": 75,
        "expansion_mh6_door_2_2_black": 25,
        "expansionspraycanuh1huber": 75,
        "expansionspraycanmh6sunset": 75,
        "expansionspraycanmh6blueline": 75,
        "expansionspraycanblack": 75,
        "expansionspraycanuh1hresistance": 75,
        "expansionspraycanmh6speedy": 75,
        "expansionspraycanmerlindahoman": 75,
        "expansionspraycanwhite": 75,
        "expansion_mh6_door_1_1_black": 25,
        "expansionspraycanmerlinion": 75,
        "expansionspraycanmh6digital": 75,
        "expansionspraycangreenrust": 75,
        "expansion_mh6_door_2_2": 23,
        "canistergasoline": 2,
        "carradiator": 0,
        "expansionspraycanyellow": 75,
        "expansionspraycangreen": 75,
        "expansionspraycangrey": 75,
        "expansionuh1h": 7,
        "expansion_mh6_door_1_2_black": 25,
        "expansionspraycanwine": 75,
        "expansion_mh6_door_2_1": 23,
        "expansionspraycanyellowrust": 75,
        "expansionuh1hdoor_2_1": 25,
        "expansionkeychain_blue": 0,
        "expansionkeychain_grey": 0,
        "expansiongyrocopter": 7,
        "expansionuh1hdoor_2_2": 25,
        "expansionspraycancamomedical": 75,
        "expansionhydraulichoses": 0,
        "expansionspraycanmerlinpresident": 75,
        "expansionspraycanmh6graywatcher": 75,
        "expansionspraycanuh1hmedical": 75,
        "truckbattery": 0,
        "headlighth7": 23,
        "expansionspraycanmh6vrana": 75,
        "expansionspraycanredrust": 75,
        "expansionspraycanmh6wave": 75,
        "expansionspraycanblackrust": 75,
        "expansionkeychain_orange": 0,
        "expansionspraycanbusweeb": 75,
        "expansionkeychain_white": 0,
        "expansionspraycanwhiterust": 75,
        "expansion_mh6_door_1_1": 23,
        "expansion_mh6_door_1_2": 23,
        "expansionspraycanmh6furious": 75,
        "expansionuh1hdoor_1_1": 25,
        "expansionuh1hdoor_1_2": 25,
        "expansionkeychain_yellow": 0,
        "battery9v": 1,
        "expansionspraycanuh1hcivilian": 75,
        "expansionspraycanmh6jeans": 75,
        "expansionkeychain_black": 0,
        "expansion_mh6_door_2_1_black": 25,
        "expansionspraycanmh6elliptical": 75,
        "expansionspraycanmh6shadow": 75,
        "expansionspraycanred": 75,
        "expansionspraycanmh6wasp": 75,
        "glowplug": 0,
        "expansionspraycancamo": 75,
        "expansionspraycanwinerust": 75,
        "expansioncarkey": 0,
        "headlighth7_box": 0,
        "expansionkeychain_red": 0,
        "expansionspraycanbanditkitty": 75,
        "expansionhelicopterbattery": 0
    }
}