{
    "m_Version": 6,
    "m_DisplayName": "Central Trader",
    "Position": [
        7424.5,
        237.0,
        4987.2001953125
    ],
    "Radius": 200.0,
    "BuyPricePercent": 100.0,
    "SellPricePercent": 70.0,
    "Stock": {
        "aviatorglasses": 5,
        "expansionspraycanmerlinvrana": 75,
        "mmg_tactical_pants_black": 0,
        "ttc_moddmrupc_556": 5,
        "workinggloves_yellow": 5,
        "civsedandoors_driver_black": 1,
        "sparkplug": 1,
        "mag_cz550_10rnd": 4,
        "flag_chel": 5,
        "ttc_tavor_magazine_60rnd": 1,
        "mmg_combatpants_multicam": 0,
        "hatchbackdoors_driver_white": 1,
        "platecarriervest": 1,
        "expansiongps": 2,
        "ttc_buttstock": 2,
        "epinephrine": 1,
        "bomberjacket_blue": 5,
        "mmg_chestrig_dark_woodland": 0,
        "broom": 1,
        "salinebag": 2,
        "mmg_sheath_black": 0,
        "expansion_flag_expansion": 5,
        "ttc_dmr_556pmag_40rnd_tan": 1,
        "mmg_facemask_multicam": 0,
        "mmg_patch_rubber_rou": 0,
        "ttc_universal_suppressor_camo": 1,
        "mmg_striker_helmet_tan": 0,
        "mountainbag_orange": 0,
        "expansion_flag_brazil": 5,
        "ttc_p320_17rnd": 0,
        "combatboots_brown": 5,
        "raincoat_black": 5,
        "labcoat": 7,
        "ammo_308wintracer": 2523,
        "expansionuazcargoroofless": 5,
        "mmg_operatorshirt_tan": 0,
        "civsedanhood_wine": 1,
        "ttc_dmr_afg": 3,
        "ttc_bar": 1,
        "mmg_mmps_bag_atacs": 0,
        "ghillieatt_woodland": 0,
        "p1": 2,
        "purificationtablets": 0,
        "expansionspraycanmh6furious": 75,
        "balaclavamask_black": 1,
        "huntingoptic": 8,
        "ttc_kac": 7,
        "chemlight_blue": 2,
        "woolcoat_browncheck": 5,
        "ttc_r700": 1,
        "combinationlock4": 3,
        "armband_green": 125,
        "ttc_moddmrtwotone_556": 5,
        "bdupants": 1,
        "mmg_carrier_backpack_tan": 0,
        "ttc_m1903": 1,
        "mmg_sheath_alpine": 0,
        "ttc_akmod_tan_bttstk": 3,
        "mmg_patch_rubber_irl": 0,
        "mmg_med_pouch_black": 0,
        "armband_wolf": 125,
        "mmg_med_pouch_alpine": 0,
        "usmcpants_desert": 3,
        "ttc_m1a_snow": 1,
        "mmg_gp_nvg_green": 0,
        "kitchenknife": 2,
        "dirtbikehelmet_police": 1,
        "mmg_tactical_pouch_ucp": 0,
        "ttc_universal_suppressor_tavor_tan": 1,
        "ttc_m9_custom": 1,
        "expansion_flag_chernarus": 5,
        "ttc_dmr_556stanag_100rnd_upc": 1,
        "ttc_dmr_vfg_green": 1,
        "mmg_carrier_backpack_dark_woodland": 0,
        "highcapacityvest_black": 3,
        "mmg_patch_fabric_pilot": 0,
        "mmg_patch_rubber_poland": 0,
        "civsedandoors_backleft": 1,
        "sedan_02_trunk_grey": 1,
        "armband_chernarus": 125,
        "mmg_double_magpouch_green": 0,
        "bandana_greenpattern": 0,
        "ttc_mpxmcxspear_bttstck": 1,
        "ttc_moddmrcamo_762": 5,
        "pipewrench": 3,
        "mmg_dump_pouch_tan": 37,
        "mmg_mk5_utility_pouch_alpine": 0,
        "ttc_ammo_3006": 500,
        "mmg_patch_rubber_usa": 0,
        "mosin_bayonet": 0,
        "mmg_patch_rubber_511": 1,
        "barrel_red": 5,
        "mmg_dump_pouch_black": 37,
        "ttc_ammo_50beo": 500,
        "designerglasses": 5,
        "mmg_striker_helmet_rusty": 0,
        "mmg_camelback_dark_woodland": 0,
        "mmg_mk5_utility_pouch_multicam": 0,
        "flag_hunterz": 5,
        "bomberjacket_black": 5,
        "ttc_dmr_556stanag_30rnd_upc": 1,
        "surgicalgloves_blue": 5,
        "mmg_triple_magpouch_ucp": 0,
        "quiltedjacket_grey": 5,
        "ttc_m82_5rnd_mag": 2,
        "ammo_556x45": 2383,
        "mmg_tactical_pouch_black": 0,
        "mmg_tactical_pants_multicam": 1,
        "woolcoat_green": 5,
        "mmg_boonie_tan": 0,
        "barrelholes_green": 5,
        "mmg_tactical_helmet_dark_woodland": 0,
        "ttc_vortexrhdamg_optic": 1,
        "ttc_maverick": 0,
        "sedan_02_door_2_2_grey": 1,
        "mmg_mk_iii_armor_black": 0,
        "ttc_dmr_556pmag_30rnd_digitan": 1,
        "ttc_hk416od": 1,
        "expansioncamoboxkit": 0,
        "ttc_m4dmr": 5,
        "ttc_avs36": 1,
        "mmg_double_magpouch_atacs": 0,
        "ammobox_762x39_20rnd": 25,
        "expansionspraycanblack": 76,
        "ammo_12garubberslug": 2500,
        "mmg_striker_helmet_multicam_tropic": 0,
        "mmg_carrier_backpack_ucp": 0,
        "hockeyhelmet_red": 1,
        "carradiator": 1,
        "mag_fnx45_15rnd": 6,
        "reflexoptic": 3,
        "ammo_22": 2520,
        "flag_uec": 5,
        "mmg_patch_rubber_cro": 0,
        "civiliansedan": 3,
        "mmg_headphones_tan": 0,
        "hunterpants_summer": 3,
        "disinfectantalcohol": 1,
        "mmg_supplybag_black": 0,
        "expansion_flag_purple": 5,
        "ttc_avs36_mag_10rnd": 1,
        "ttc_fal_magazine": 1,
        "mmg_double_magpouch_multicam": 0,
        "mag_cz75_15rnd": 2,
        "ammo_545x39": 2930,
        "shovel": 3,
        "nvgheadstrap": 7,
        "mp133shotgun": 5,
        "mmg_tactical_pouch_dark_woodland": 0,
        "mmg_carbine_blue": 0,
        "mmg_tac_goggles_red_green": 0,
        "armband_napa": 125,
        "mmg_jpc_vest_dark_woodland": 0,
        "mosin9130": 0,
        "mmg_tactical_helmet_alpine": 0,
        "ttc_car15": 2,
        "mmg_armored_helmet_green": 0,
        "ttc_dmr_762stanag_20rnd_upc": 1,
        "firefightershelmet_yellow": 1,
        "offroadhatchback": 3,
        "expansionsafelarge": 0,
        "ttc_dmr_556stanag_30rnd": 1,
        "mmg_patch_rubber_slovakia": 1,
        "mmg_mk_iii_armor_multicam": 0,
        "barbedwire": 0,
        "ttc_mp7a1_mag_40rnd": 2,
        "mmg_patch_rubber_south_africa": 0,
        "mmg_tactical_shirt_black": 0,
        "expansionspraycanmh6sunset": 75,
        "nvgoggles": 6,
        "nbcbootsyellow": 4,
        "mmg_mk5_utility_pouch_multicamblack": 0,
        "ttc_universal_suppressor_tavor": 1,
        "civsedanwheel": 1,
        "mmg_patch_rubber_austria": 0,
        "alicebag_black": 0,
        "armband_cdf": 125,
        "mmg_tactical_pouch_alpine": 0,
        "ttc_akmod_gold": 1,
        "nailbox": 0,
        "expansionkeychain_blue": 0,
        "ttc_xm2010_10rnd": 1,
        "ammo_flare": 2501,
        "mmg_operatorshirt_multicamblack": 0,
        "mmg_carbine_orange": 0,
        "ammobox_45acp_25rnd": 15,
        "mediumtent_orange": 1,
        "expansion_flag_belgium": 5,
        "mmg_combatpants_multicam_tropic": 0,
        "mmg_med_pouch_dark_woodland": 0,
        "nail": 0,
        "mmg_boonie_green": 0,
        "mmg_tt_vest_multicam_tropic": 0,
        "ammo_545x39tracer": 2606,
        "expansion_landrover_right": 1,
        "hatchback_02_door_1_2_blue": 1,
        "hatchback_02_hood_blue": 1,
        "expansion_flag_portugal": 5,
        "mmg_ammo_pouch_multicamblack": 0,
        "taloonbag_green": 0,
        "balaclavamask_white": 1,
        "mmg_tt_vest_dark_woodland": 0,
        "ttc_ammo_50bmg": 554,
        "ducttape": 4,
        "ttc_m82_tan": 5,
        "expansioncarkey": 0,
        "winchester70": 4,
        "deagle_gold": 1,
        "ttc_g3_magazine_20rnd": 2,
        "mmg_patch_rubber_norway": 0,
        "reflexvest": 1,
        "gorkaejacket_pautrev": 5,
        "acogoptic_6x": 4,
        "armband_red": 125,
        "expansion_flag_napa": 5,
        "mmg_patch_rubber_cherno_special": 0,
        "mmg_mmps_bag_multicamblack": 0,
        "mmg_double_magpouch_tan": 0,
        "armband_uec": 125,
        "expansionspraycanuh1huber": 75,
        "flag_chedaki": 6,
        "alarmclock_green": 5,
        "ttc_glock17": 1,
        "mmg_falcon_b1_belt_atacs": 0,
        "balaclava3holes_black": 1,
        "omnogloves_gray": 5,
        "ttc_ak12_drum_90rnd": 5,
        "ttc_buttstock_ak12": 3,
        "mmg_tactical_shirt_ucp": 0,
        "mmg_med_pouch_olive": 0,
        "armband_babydeer": 125,
        "ttc_buttstock_camo": 1,
        "portablegaslamp": 2,
        "ttc_scarlblack": 1,
        "sedan_02_door_1_1": 1,
        "sedan_02_door_1_2": 1,
        "mmg_sheath_dark_woodland": 0,
        "ttc_eotechvudu_white_optic": 1,
        "mmg_tt_vest_green": 0,
        "expansionspraycanmh6digital": 75,
        "ttc_m24_new_camow": 1,
        "mmg_triple_magpouch_erdl": 0,
        "sedan_02_hood_grey": 1,
        "ttc_ammo_4570": 500,
        "ttc_dmr_556pmag_100rnd_upc": 1,
        "flag_brainz": 5,
        "hatchback_02_trunk_blue": 1,
        "tomatoseeds": 5,
        "highcapacityvest_olive": 3,
        "expansionspraycanmh6shadow": 75,
        "mmg_balaclava_ucp": 0,
        "ttc_svt40_bayonet": 1,
        "mmg_tactical_helmet_ucp": 0,
        "headlighth7": 27,
        "expansionuazdoordriver": 1,
        "expansionspraycancamo": 75,
        "rangefinder": 3,
        "mmg_falcon_b1_belt_multicam_tropic": 0,
        "ttc_hk416tan": 1,
        "expansion_flag_spain": 5,
        "expansionkeychain_green": 1,
        "mmg_camelback_ucp": 0,
        "ttc_m14_mag_20rnd": 2,
        "policevest": 1,
        "canistergasoline": 3,
        "truck_01_door_1_1_orange": 1,
        "mmg_combatshirt_green": 0,
        "hatchbackdoors_codriver": 1,
        "mmg_patch_rubber_france": 0,
        "hatchbacktrunk": 1,
        "hunterpants_brown": 2,
        "expansionspraycanwine": 75,
        "mmg_tt_vest_multicam": 0,
        "fireworkslauncher": 1,
        "mmg_mag_pouch_tan": 0,
        "mmg_patch_fabric_medic": 0,
        "pitchfork": 1,
        "iodinetincture": 1,
        "balaclavamask_beige": 1,
        "expansion_flag_nato": 5,
        "jungleboots_green": 7,
        "mmg_tt_vest_atacs": 0,
        "ttc_mk18_black": 1,
        "coyotebag_brown": 0,
        "ttc_razor": 2,
        "stunbaton": 1,
        "aks74u_bttstck": 5,
        "handcuffs": 1,
        "darkmotohelmet_lime": 1,
        "jeans_green": 2,
        "pipe": 1,
        "sedan_02": 3,
        "ghillieatt_mossy": 0,
        "expansionkeychain_pink": 0,
        "ttc_mcx_spear_magazine_20rnd": 1,
        "pso1optic": 9,
        "expansion_flag_germany": 5,
        "mmg_balaclava_atacs": 0,
        "mag_aug_30rnd": 7,
        "petrollighter": 2,
        "mmg_jpc_vest_black": 0,
        "expansion_landrover_trunk": 1,
        "childbag_green": 0,
        "mmg_combatshirt_multicam": 0,
        "glowplug": 0,
        "ttc_dmr_556stanag_30rnd_camo": 1,
        "mmg_chestrig_black": 0,
        "zsh3pilothelmet": 1,
        "ttc_ak12": 3,
        "armband_cmc": 125,
        "pp19_bttstck": 9,
        "mmg_tactical_gloves_black": 1,
        "mmg_bottle_multicamblack": 0,
        "m4_plastichndgrd": 2,
        "thickframesglasses": 5,
        "mmg_boots_multicamblack": 0,
        "mmg_mmps_bag_multicam": 0,
        "expansion_flag_sweden": 5,
        "woodaxe": 1,
        "huntingjacket_summer": 6,
        "mmg_mag_pouch_atacs": 0,
        "mmg_holster_multicam_tropic": 0,
        "mmg_falcon_b1_belt_multicam": 0,
        "tacticalgoggles": 6,
        "armband_pirates": 125,
        "ttc_m110": 5,
        "ammobox_357_20rnd": 13,
        "offroad_02_door_1_1": 1,
        "offroad_02_door_1_2": 1,
        "dirtbikehelmet_khaki": 1,
        "acogoptic": 12,
        "sedan_02_door_1_1_red": 1,
        "truck_01_door_1_1": 1,
        "mmg_tactical_pouch_multicam": 0,
        "ttc_akmod_snow": 1,
        "ttc_dmr_hndguard": 2,
        "ttc_hk416comp": 1,
        "ammo_flaregreen": 2500,
        "mmg_combatshirt_police": 0,
        "hunterpants_autumn": 2,
        "mmg_patch_rubber_bneg": 1,
        "mmg_tactical_shirt_dark_wl": 0,
        "mmg_mk5_grenade_pouch_dark_woodland": 0,
        "mmg_mk5_utility_pouch_tan": 0,
        "mmg_jpc_vest_atacs": 0,
        "bandana_camopattern": 0,
        "largegascanister": 2,
        "nbchoodgray": 3,
        "truck_01_hood_orange": 1,
        "sedan_02_door_1_2_red": 1,
        "ammobox_308win_20rnd": 16,
        "ttc_raptr_drum_45rnd": 0,
        "flag_dayz": 5,
        "mmg_balaclava_multicam_tropic": 0,
        "epoxyputty": 6,
        "platecarrierpouches_black": 1,
        "ttc_ammo_300blk": 40,
        "expansionridersjacketdarkblue": 5,
        "expansion_flag_fari": 5,
        "constructionhelmet_orange": 1,
        "ttc_m24mag_5rnd": 1,
        "mmg_mag_pouch_alpine": 0,
        "mag_akm_30rnd": 2,
        "mmg_tactical_shirt_erdl": 0,
        "netting": 2,
        "ammobox_9x39_20rnd": 14,
        "expansionkeychain_purp": 0,
        "ghilliehood_mossy": 6,
        "m4_oebttstck": 3,
        "portablegasstove": 2,
        "ballistichelmet_green": 1,
        "ak_railhndgrd": 3,
        "ttc_mossberg": 0,
        "motohelmet_blue": 1,
        "mmg_carrier_backpack_black": 0,
        "expansion_flag_finland": 5,
        "expansion_flag_white": 5,
        "expansionuazcargo": 5,
        "powergenerator": 5,
        "ghillietop_woodland": 5,
        "expansionspraycangrey": 74,
        "handsaw": 4,
        "mmg_boonie_multicam_tropic": 0,
        "mmg_armored_helmet_black": 0,
        "pressvest_lightblue": 1,
        "ttc_mas36": 1,
        "ukassvest_khaki": 1,
        "ammobox_545x39_20rnd": 30,
        "ttc_ammo_50ae": 517,
        "mmg_mag_pouch_multicam_tropic": 0,
        "usmcjacket_desert": 6,
        "mmg_mag_pouch_erdl": 0,
        "cz550": 1,
        "xmaslights": 1,
        "m18smokegrenade_purple": 5,
        "mmg_balaclava_dark_woodland": 0,
        "smershvest": 1,
        "ttc_dmr_556pmag_30rnd": 1,
        "ak101": 2,
        "ttc_universal_suppressor_snow": 1,
        "ump45": 6,
        "mountainbag_blue": 0,
        "darkmotohelmet_blue": 1,
        "flashlight": 2,
        "sedan_02_door_1_2_grey": 1,
        "startkitiv": 0,
        "flag_tec": 5,
        "fabric": 2,
        "ttc_m14": 1,
        "mmg_jpc_vest_ucp": 0,
        "ttc_m16": 2,
        "mmg_headphones_ucp": 0,
        "partytent_lunapark": 3,
        "mediumgascanister": 3,
        "spotlight": 5,
        "expansioncodelock": 0,
        "ttc_m24_new_camo": 1,
        "mmg_patch_rubber_mex": 0,
        "mmg_combatpants_alpine": 0,
        "ghilliehood_tan": 5,
        "mmg_mk_v_armor_multicam_tropic": 0,
        "gasmask": 4,
        "hatchback_02_door_2_1_blue": 1,
        "armband_chedaki": 125,
        "ttc_m24": 1,
        "ttcsr25": 5,
        "mp5_plastichndgrd": 14,
        "blowtorch": 4,
        "ammo_762x54tracer": 2593,
        "bandana_blackpattern": 0,
        "mmg_mk_v_armor_ucp": 0,
        "ttc_m1a_black": 1,
        "balaclavamask_blue": 1,
        "sedan_02_door_2_2_red": 1,
        "militaryboots_bluerock": 5,
        "mmg_combatpants_atacs": 0,
        "pso11optic": 7,
        "m18smokegrenade_yellow": 6,
        "ttc_m1a_green": 1,
        "repeater": 6,
        "charcoaltablets": 2,
        "nbcjacketyellow": 7,
        "platecarriervest_camo": 2,
        "assaultbag_black": 0,
        "m18smokegrenade_white": 6,
        "mmg_patch_rubber_scotland": 0,
        "gorkaejacket_flat": 5,
        "ttc_svt40_optic": 1,
        "hatchbackdoors_driver": 1,
        "expansion_flag_scotland": 5,
        "mmg_carrier_backpack_erdl": 0,
        "ridersjacket_black": 5,
        "mmg_boonie_alpine": 0,
        "ttc_deagle_magazine_7rnd": 3,
        "armband_rooster": 125,
        "hikingjacket_black": 5,
        "dirtbikehelmet_red": 1,
        "ttc_dmr_vfg": 2,
        "ttc_raptr": 0,
        "ghillietop_tan": 5,
        "ttc_pp91": 0,
        "barrelholes_blue": 5,
        "combatknife": 2,
        "ghilliesuit_mossy": 6,
        "mmg_patch_rubber_deerisle_special": 0,
        "expansion_flag_netherlands": 5,
        "pistoloptic": 10,
        "machete": 1,
        "mmg_bottle_erdl": 0,
        "flag_nsahrani": 5,
        "expansionspraycangreyrust": 75,
        "mmg_operatorshirt_black": 0,
        "barrelholes_yellow": 5,
        "civsedandoors_backright_wine": 1,
        "ttc_moddmrtan_762": 5,
        "tetracyclineantibiotics": 2,
        "expansion_flag_southafrica": 5,
        "mmg_mmps_bag_multicam_tropic": 0,
        "hescobox": 0,
        "barrel_yellow": 5,
        "mmg_mmps_bag_ucp": 0,
        "mmg_mk5_grenade_pouch_multicam_tropic": 0,
        "mmg_jpc_vest_erdl": 0,
        "ttc_dmr_556pmag_30rnd_upc": 1,
        "mag_stanag_60rnd": 0,
        "ttc_dmr_762stanag_10rnd_camo": 1,
        "mmg_combatshirt_multicam_tropic": 0,
        "mmg_supplybag_atacs": 0,
        "ttc_dmr_556pmag_30rnd_camo": 2,
        "mag_sg_30rnd": 2,
        "orientalmachete": 1,
        "fnp45_mrdsoptic": 6,
        "mmg_mk5_grenade_pouch_black": 0,
        "ttc_m4dmrsnow": 5,
        "mmg_patch_rubber_greece": 0,
        "mmg_boonie_multicamblack": 0,
        "ttc_fal_poly_hndgrd": 1,
        "mmg_assault_pack_alpine": 0,
        "mmg_tt_vest_alpine": 0,
        "drybag_yellow": 0,
        "mmg_boots_erdl": 0,
        "armband_chel": 125,
        "mag_cmag_40rnd": 1,
        "ttc_m4tac": 2,
        "ak_woodbttstck": 0,
        "mmg_assault_pack_tan": 0,
        "partytent": 2,
        "ttc_kimber": 1,
        "mag_ak74_30rnd": 9,
        "ttc_vhs": 2,
        "mmg_facemask_green": 0,
        "ammobox_9x39ap_20rnd": 18,
        "mmg_mk5_utility_pouch_black": 0,
        "flag_rsta": 5,
        "ttc_buttstock3": 2,
        "expansion_flag_pirate": 5,
        "drybag_black": 0,
        "mmg_striker_helmet_atacs": 0,
        "expansionpropanetorch": 1,
        "mountainbag_red": 0,
        "mmg_holster_alpine": 0,
        "mmg_supplybag_multicam": 1,
        "balaclavamask_blackskull": 1,
        "ttskopants": 3,
        "ttc_leeenfield": 1,
        "mmg_combatpants_tan": 0,
        "ghillietop_mossy": 6,
        "huntingjacket_autumn": 5,
        "mmg_mk_iii_armor_atacs": 0,
        "ttc_scarhblack": 2,
        "expansionspraycanmh6speedy": 75,
        "m65jacket_tan": 6,
        "tlrlight": 6,
        "heatpack": 2,
        "offroad_02": 5,
        "expansion_flag_australia": 5,
        "ttc_m24_new_wood": 1,
        "mmg_holster_dark_woodland": 0,
        "ttc_tavor_magazine_30rnd": 1,
        "balaclavamask_pink": 1,
        "expansiongunrack": 49,
        "ttc_akm": 1,
        "mag_p1_8rnd": 2,
        "mmg_falcon_b1_belt_tan": 0,
        "ttc_g3": 1,
        "hockeymask": 1,
        "mmg_camelback_alpine": 0,
        "motohelmet_lime": 1,
        "hatchback_02_door_2_1": 1,
        "hatchback_02_door_2_2": 1,
        "ammobox_308wintracer_20rnd": 23,
        "crowbar": 1,
        "expansionspraycanblackrust": 76,
        "mmg_facemask_atacs": 0,
        "woolcoat_redcheck": 5,
        "expansionuazdoorcargo1": 1,
        "expansionspraycanbusweeb": 75,
        "mag_saiga_drum20rnd": 0,
        "mmg_falcon_b1_belt_olive": 0,
        "mmg_mk_v_armor_multicamblack": 0,
        "mmg_carrier_backpack_olive": 0,
        "kobraoptic": 7,
        "motohelmet_white": 1,
        "mmg_sheath_olive": 0,
        "mmg_tactical_visor_green": 0,
        "rdg2smokegrenade_white": 6,
        "woolcoat_bluecheck": 5,
        "ttc_moddmrdigitan_762": 5,
        "mp5_railhndgrd": 3,
        "mmg_ballistic_earcover_green": 0,
        "ttc_ag3_coupled_magazine_40rnd": 2,
        "ttc_m14_camo": 1,
        "mmg_falcon_b1_belt_erdl": 0,
        "mmg_boonie_erdl": 0,
        "ttc_moddmrupc_762": 5,
        "deagle": 2,
        "mmg_patch_rubber_por": 0,
        "ttc_mcx_tan_300blk": 1,
        "mmg_holster_pouch_tan": 0,
        "ttc_mpxmcx1_bttstck": 1,
        "mmg_tactical_shirt_green": 0,
        "ttc_stg44": 1,
        "morphine": 1,
        "platecarrierholster_green": 1,
        "mmg_tactical_pants_green": 0,
        "ttc_ammobox_4630_20rnd": 12,
        "assaultbag_ttsko": 1,
        "expansionuazdoorcargo2": 1,
        "mediumtent_green": 1,
        "ttc_dmr_556pmag_100rnd_digitan": 1,
        "mmg_supplybag_erdl": 0,
        "ssg82": 5,
        "ttc_mcx_tan": 1,
        "sedan_02_hood": 1,
        "baseballbat": 1,
        "ttc_ammo_277": 697,
        "ttc_mcx_spear_black": 1,
        "huntingknife": 2,
        "tracksuitjacket_lightblue": 5,
        "drybag_orange": 0,
        "expansionspraycangreenrust": 75,
        "armband_zenit": 125,
        "ttc_g28_optic": 0,
        "expansionspraycanyellow": 75,
        "ttc_fal": 1,
        "expansionuazroofless": 5,
        "mmg_tactical_helmet_police": 0,
        "leathersewingkit": 0,
        "quiltedjacket_blue": 5,
        "mmg_carrier_backpack_alpine": 0,
        "mmg_headphones_green": 0,
        "ttc_akmodpk_digi": 1,
        "expansion_flag_luxembourg": 5,
        "ballistichelmet_un": 1,
        "mmg_tactical_helmet_erdl": 0,
        "ttc_eotechvudu_white_ak_optic": 1,
        "ammo_flareblue": 2501,
        "ak_foldingbttstck": 0,
        "flag_ssahrani": 5,
        "ttc_buttstock_car15": 2,
        "ttc_beowulf": 5,
        "motohelmet_yellow": 1,
        "mmg_facemask_multicam_tropic": 0,
        "expansionhydraulichoses": 0,
        "ttc_dmr_762stanag_20rnd": 1,
        "raincoat_green": 5,
        "ttc_moddmrcamo_556": 5,
        "mmg_mk5_grenade_pouch_alpine": 0,
        "ttc_mpx_mag_30rnd": 1,
        "mmg_striker_helmet_ucp": 0,
        "ttc_mrad": 5,
        "expansionspraycanuh1hcivilian": 75,
        "raincoat_blue": 5,
        "expansionkeychain_black": 0,
        "mmg_operatorshirt_multicam": 1,
        "sedan_02_hood_red": 1,
        "platecarriervest_black": 1,
        "firefighterjacket_beige": 5,
        "balaclavamask_green": 1,
        "brassknuckles_shiny": 1,
        "mmg_tactical_pants_atacs": 0,
        "mmg_med_pouch_erdl": 0,
        "ammobox_9x19_25rnd": 13,
        "hatchback_02_trunk": 1,
        "mmg_sheath_atacs": 0,
        "ammobox_762x39tracer_20rnd": 15,
        "mmg_striker_helmet_dark_woodland": 0,
        "mmg_chestrig_erdl": 0,
        "broom_birch": 1,
        "mmg_chestrig_multicam_tropic": 0,
        "buisoptic": 1,
        "darkmotohelmet_black": 1,
        "truck_01_covered": 7,
        "ttc_mag_glock_17rnd": 1,
        "expansion_flag_dayzblack": 5,
        "ak_suppressor": 3,
        "sedan_02_door_2_1_grey": 1,
        "mmg_facemask_alpine": 0,
        "ttc_m9": 2,
        "usmcjacket_woodland": 5,
        "balaclava3holes_beige": 0,
        "ak74_woodbttstck": 3,
        "chemlight_red": 1,
        "bomberjacket_skyblue": 5,
        "banov_map": 4,
        "expansionlumber1": 1,
        "expansionlumber3": 1,
        "taloonbag_orange": 0,
        "ttc_buttstock_digitan": 1,
        "expansion_flag_livonia": 5,
        "m65jacket_khaki": 5,
        "mag_vss_10rnd": 2,
        "gorkahelmetvisor": 2,
        "ttc_fal_ris_hndgrd": 1,
        "chemlight_white": 1,
        "mmg_falcon_b1_belt_dark_woodland": 0,
        "mmg_facemask_dark_woodland": 0,
        "ttc_buttstock_upc": 2,
        "woodenplank": 1,
        "ttc_pistol_optic": 1,
        "flaregun": 2,
        "ttc_mp5sd": 0,
        "ttc_sg550": 1,
        "ttc_aimpoint2000": 2,
        "expansionspraycanwhiterust": 75,
        "woolcoat_red": 5,
        "ttc_moddmr_762": 5,
        "ammo_9x19": 2839,
        "ghilliesuit_tan": 5,
        "truck_01_wheeldouble": 1,
        "mmg_ammo_pouch_black": 0,
        "mmg_triple_magpouch_multicamblack": 0,
        "mmg_combatshirt_multicamblack": 0,
        "mag_saiga_5rnd": 2,
        "mmg_med_pouch_atacs": 0,
        "mmg_tactical_helmet_multicam": 0,
        "mmg_tactical_pouch_green": 0,
        "barbedbaseballbat": 1,
        "mmg_tactical_gloves_erdl": 0,
        "nylonknifesheath": 1,
        "mmg_tt_vest_erdl": 1,
        "painkillertablets": 4,
        "mmg_patch_rubber_czech_republic": 1,
        "mmg_boonie_ucp": 0,
        "policepantsorel": 3,
        "akm": 1,
        "mmg_mk_iii_armor_green": 0,
        "ghilliebushrag_tan": 5,
        "pliers": 3,
        "woolcoat_blue": 5,
        "armband_blue": 125,
        "lockpick": 5,
        "mmg_boots_dark_woodland": 0,
        "ammo_9x39": 2590,
        "expansion_flag_chedaki": 5,
        "expansionspraycangreen": 74,
        "childbag_blue": 0,
        "mp5k_stockbttstck": 13,
        "mmg_mk_iii_armor_multicam_tropic": 0,
        "expansionkeychain_grey": 0,
        "raincoat_yellow": 5,
        "ttc_awm": 5,
        "matchbox": 3,
        "ttc_svt40": 1,
        "mmg_mk5_utility_pouch_atacs": 0,
        "mmg_tactical_shirt_atacs": 0,
        "baseradio": 9,
        "motohelmet_green": 1,
        "mmg_patch_fabric_toxic": 1,
        "skatehelmet_gray": 1,
        "mmg_boonie_atacs": 0,
        "armband_bohemia": 125,
        "combatboots_grey": 4,
        "mmg_assault_pack_dark_woodland": 0,
        "sks": 4,
        "ttc_aachoney": 2,
        "mmg_mk_v_armor_dark_woodland": 0,
        "mmg_supplybag_green": 0,
        "mag_ssg82_5rnd": 4,
        "mmg_tactical_pouch_atacs": 0,
        "mmg_bottle_atacs": 0,
        "mmg_striker_helmet_green": 0,
        "flag_bohemia": 5,
        "ammo_9x39ap": 2840,
        "ttc_aek973": 1,
        "ttc_m14suppressor": 3,
        "alarmclock_blue": 5,
        "raincoat_pink": 5,
        "tracksuitjacket_black": 5,
        "ttc_dmr_bipod": 2,
        "ttc_buttstock_honey": 3,
        "civsedantrunk": 1,
        "mmg_patch_rubber_australia": 0,
        "mmg_tactical_helmet_black": 0,
        "m68optic": 9,
        "ghilliehood_woodland": 5,
        "ttc_dmr_hndguardod": 3,
        "mmg_assault_pack_erdl": 0,
        "motohelmet_grey": 1,
        "ttc_ammobox_8mm_20rnd": 10,
        "mmg_holster_tan": 0,
        "hatchback_02_door_1_1_blue": 1,
        "expansionspraycanmh6resistance": 75,
        "nbcpantsyellow": 8,
        "expansion_flag_dayzwhite": 5,
        "mmg_tactical_pants_dark_woodland": 0,
        "mmg_holster_erdl": 0,
        "mmg_assault_pack_olive": 0,
        "ttc_ammo_4630": 529,
        "derringer_grey": 2,
        "mmg_operatorshirt_alpine": 0,
        "ttc_r700_black": 1,
        "mag_akm_drum75rnd": 0,
        "zsh3pilothelmet_black": 1,
        "expansioncoyoteblack": 0,
        "mmg_holster_pouch_black": 0,
        "nbcglovesyellow": 3,
        "constructionhelmet_white": 1,
        "mmg_double_magpouch_dark_woodland": 0,
        "policejacketorel": 5,
        "ttc_akmod_digi_bttstk": 5,
        "ttc_dmr_hndguardsnow": 1,
        "sledgehammer": 2,
        "mag_fal_20rnd": 4,
        "mmg_mk5_utility_pouch_erdl": 0,
        "ttc_dmr_556stanag_100rnd": 0,
        "mmg_cargobelt_black": 37,
        "mag_glock_15rnd": 4,
        "mmg_mk_iii_armor_multicamblack": 0,
        "ssh68helmet": 2,
        "expansion_flag_blue": 5,
        "alicebag_green": 1,
        "ammobox_762x54_20rnd": 16,
        "ttc_honey_suppressor": 3,
        "sportglasses_orange": 5,
        "crudemachete": 1,
        "mmg_sheath_erdl": 0,
        "ammo_762x39": 2702,
        "expansionspraycanmh6vrana": 75,
        "militarybelt": 0,
        "hatchbackhood_white": 1,
        "mmg_tactical_pouch_erdl": 1,
        "policejacket": 5,
        "mmg_triple_magpouch_black": 0,
        "ttc_mcx_spear": 1,
        "coyotebag_green": 0,
        "expansionsafemedium": 0,
        "mmg_assault_pack_multicam": 0,
        "expansion_landrover_hood": 1,
        "mmg_patch_rubber_denmark": 0,
        "mmg_bottle_tan": 0,
        "mag_mkii_10rnd": 1,
        "pot": 1,
        "ttc_mpx_mag_60rnd": 1,
        "expansionkeychain_white": 0,
        "expansionkeychain_yellow": 0,
        "metalwire": 1,
        "expansion_flag_gubraltar": 5,
        "mmg_med_pouch_tan": 0,
        "civilianbelt": 0,
        "ttc_m16a4": 1,
        "mmg_carbine_red": 0,
        "ttc_dmr_556pmag_40rnd_upc": 1,
        "ttc_gevar43_magazine_10rnd": 4,
        "hockeyhelmet_black": 1,
        "mag_expansion_g36_30rnd": 2,
        "mmg_mag_pouch_dark_woodland": 0,
        "bandana_yellow": 0,
        "ammo_762x54": 2577,
        "carbattery": 1,
        "firstaidkit": 1,
        "ttc_eotechvudu_ak_optic": 1,
        "sedan_02_door_2_1": 1,
        "sedan_02_door_2_2": 1,
        "mmg_patch_rubber_toxic": 0,
        "raincoat_orange": 5,
        "mmg_armored_helmet_visor_black": 0,
        "darkmotohelmet_white": 1,
        "expansionuazdoorhood": 1,
        "mmg_patch_rubber_abpos": 0,
        "armband_pink": 125,
        "m4a1": 0,
        "balaclava3holes_green": 1,
        "expansion_flag_green": 5,
        "mmg_double_magpouch_ucp": 0,
        "mmg_combatpants_dark_woodland": 0,
        "mmg_tactical_visor_tan": 0,
        "mmg_carrier_backpack_multicam_tropic": 0,
        "mmg_camelback_black": 0,
        "mmg_mk_iii_armor_erdl": 0,
        "m65jacket_black": 5,
        "surgicalgloves_white": 5,
        "aks74u": 4,
        "expansioncamotentkit": 0,
        "ttc_akmod_762x54_30rnd": 1,
        "flag_pirates": 5,
        "expansionstove": 50,
        "flag_refuge": 5,
        "mmg_jpc_vest_multicam": 1,
        "ttc_m1garand": 1,
        "mmg_gp_nvg_grey": 0,
        "expansiontoolbox": 5,
        "ttc_akmod_bttstk": 1,
        "ttc_fd338": 5,
        "mmg_chestrig_multicam": 0,
        "ttc_akmod_snow_bttstk": 1,
        "pistolsuppressor": 6,
        "expansionkeychain_red": 0,
        "mmg_holster_black": 0,
        "mag_ak74_45rnd": 0,
        "ttc_m24_new_black": 1,
        "expansiondeserttortilla": 0,
        "offroad_02_wheel": 1,
        "mmg_holster_pouch_green": 0,
        "workinggloves_black": 5,
        "ttc_300stanag": 1,
        "mmg_tactical_gloves_multicamblack": 0,
        "mmg_patch_rubber_namalsk_special": 0,
        "aug": 4,
        "darkmotohelmet_red": 1,
        "mmg_bottle_multicam_tropic": 0,
        "mmg_mag_pouch_olive": 0,
        "kukriknife": 1,
        "mag_saiga_8rnd": 3,
        "expansion_flag_borduria": 5,
        "ttc_tavor": 1,
        "ttc_scarhmag": 1,
        "ammobox": 6,
        "jumpsuitjacket_gray": 6,
        "armband_nsahrani": 125,
        "ttc_akmodpk_gold": 1,
        "expansion_landrover_left": 1,
        "ttc_akmod_multi_bttstk": 2,
        "ttc_mag_m9_custom_20rnd": 1,
        "mag_ruger1022_30rnd": 1,
        "mmg_ammo_pouch_olive": 0,
        "ttc_ammo_792x33": 500,
        "mmg_tactical_pants_erdl": 0,
        "civsedandoors_driver": 1,
        "burlapsack": 1,
        "bloodbagempty": 1,
        "ammobox_545x39tracer_20rnd": 20,
        "ak_plastichndgrd": 4,
        "woolcoat_blackcheck": 5,
        "barrel_blue": 5,
        "mmg_bottle_multicam": 0,
        "flag_altis": 5,
        "derringer_pink": 1,
        "vss": 0,
        "mmg_mag_pouch_ucp": 0,
        "ttc_akmod_tan": 1,
        "mmg_chestrig_multicamblack": 0,
        "ttc_eotechvudu_tan_optic": 1,
        "expansion_flag_pink": 5,
        "sewingkit": 4,
        "surgicalgloves_lightblue": 5,
        "mag_mp5_15rnd": 7,
        "nioshfacemask": 1,
        "ttc_mcx_spear_suppressor_black": 1,
        "expansionkeychain_orange": 0,
        "cartent": 0,
        "mmg_tactical_gloves_multicam": 0,
        "ttc_xm2010": 1,
        "mmg_med_pouch_multicam": 0,
        "svd": 1,
        "mmg_combatshirt_tan": 0,
        "civsedandoors_codriver": 1,
        "armband_altis": 125,
        "mmg_patch_fabric_driver": 0,
        "ttc_akmodpk_multi": 1,
        "mmg_sheath_multicam_tropic": 0,
        "ttc_fal_wood_bttstck": 1,
        "combatboots_beige": 5,
        "sportglasses_black": 5,
        "huntingvest": 1,
        "hatchbackdoors_codriver_white": 1,
        "surgicalmask": 1,
        "thermometer": 1,
        "expansionspraycanblue": 75,
        "offroad_02_door_2_2": 1,
        "childbag_red": 0,
        "mmg_chestrig_green": 0,
        "expansion_flag_wales": 5,
        "platecarrierpouches_camo": 2,
        "truck_01_door_2_1": 1,
        "expansion_flag_poland": 5,
        "mmg_tactical_gloves_green": 0,
        "mmg_ammo_pouch_multicam": 0,
        "armband_dayz": 125,
        "ttc_akmod": 1,
        "firefightershelmet_red": 1,
        "mmg_striker_helmet_multicam": 0,
        "ttc_ammobox_4570_20rnd": 10,
        "pumpkinseeds": 4,
        "mmg_mag_pouch_multicam": 0,
        "mmg_mk_v_armor_black": 0,
        "armband_apa": 125,
        "mmg_boots_tan": 0,
        "battery9v": 6,
        "ttc_dmr_afg_tan": 1,
        "mmg_carrier_backpack_multicamblack": 0,
        "m4_cqbbttstck": 3,
        "sks_bayonet": 0,
        "taloonbag_violet": 0,
        "mmg_double_magpouch_alpine": 0,
        "ttc_ammobox_50bmg_10rnd": 13,
        "ttc_dmr_556stanag_30rnd_tan": 1,
        "mag_ruger1022_15rnd": 0,
        "expansionspraycanredrust": 75,
        "mmg_patch_rubber_punisher": 0,
        "truck_01_door_2_1_blue": 1,
        "expansion_flag_canada": 5,
        "mmg_holster_multicam": 0,
        "ttc_ammobox_300blk_20rnd": 0,
        "ttc_300cmag_60rnd": 1,
        "ttc_akmodpk_tan": 1,
        "mmg_boots_multicam_tropic": 0,
        "ttc_moddmrsnow_762": 5,
        "expansion_flag_czechia": 5,
        "flag_cdf": 5,
        "expansiontacticalglovesdesert": 5,
        "quiltedjacket_red": 5,
        "ttc_mcx_spear_suppressor": 1,
        "mmg_chestrig_atacs": 0,
        "mmg_mk5_utility_pouch_ucp": 0,
        "mmg_combatpants_police": 0,
        "expansionspraycanbanditkitty": 75,
        "mmg_combatshirt_atacs": 0,
        "gasmask_filter": 7,
        "mmg_tactical_gloves_atacs": 0,
        "sedan_02_wheel": 1,
        "ttc_hk417_magazine_20rnd": 1,
        "gp5gasmask": 4,
        "mmg_tt_vest_police": 0,
        "dirtbikehelmet_black": 1,
        "kitchentimer": 5,
        "roadflare": 6,
        "ttc_dmr_762stanag_10rnd_upc": 1,
        "ttc_gevar43": 5,
        "ttc_dmr_afg_green": 2,
        "mmg_patch_rubber_switzerland": 0,
        "hockeyhelmet_white": 1,
        "flag_rooster": 5,
        "expansion_flag_japan": 5,
        "sedan_02_door_1_1_grey": 1,
        "ttc_m14_snow": 1,
        "expansion_flag_doubleaxe": 5,
        "pepperseeds": 5,
        "armband_brainz": 125,
        "flag_livoniapolice": 5,
        "gorkapants_summer": 3,
        "sickle": 1,
        "ttc_uzi_mag_30rnd": 1,
        "mmg_camelback_multicamblack": 0,
        "personalradio": 0,
        "hatchet": 1,
        "expansion_flag_sicily": 5,
        "mmg_tactical_pants_tan": 0,
        "ttc_mpxmcx2_bttstck": 2,
        "mmg_facemask_skull": 0,
        "puscopeoptic": 5,
        "mmg_tactical_shirt_alpine": 0,
        "headtorch_grey": 3,
        "civsedandoors_backright": 1,
        "mmg_striker_helmet_alpine": 0,
        "ttc_vortexse_optic": 1,
        "cattleprod": 1,
        "constructionhelmet_red": 1,
        "ttc_44magnum": 1,
        "mmg_mk5_utility_pouch_multicam_tropic": 0,
        "sedan_02_trunk_red": 1,
        "ttc_akmod_gold_bttstk": 1,
        "engraved1911": 6,
        "thinframesglasses": 5,
        "mmg_boots_atacs": 0,
        "ttc_m24new_mag_5rnd": 2,
        "militaryboots_black": 6,
        "ammo_12gaslug": 2500,
        "magnum": 1,
        "expansion_flag_cdf": 5,
        "ttc_uzi": 0,
        "mmg_tactical_pouch_multicamblack": 0,
        "mmg_mk_iii_armor_tan": 0,
        "gardenlime": 7,
        "ttc_scarlsnow": 1,
        "mmg_patch_rubber_bulgaria": 0,
        "ukassvest_black": 2,
        "mmg_jpc_vest_multicamblack": 0,
        "ttc_m24_woodland": 1,
        "mmg_armored_helmet_tan": 0,
        "expansionspraycanlightgreen": 75,
        "flag_bear": 5,
        "mmg_supplybag_tan": 0,
        "offroad_02_door_2_1": 1,
        "izh18": 2,
        "m9a1_bayonet": 1,
        "colt1911": 5,
        "mmg_patch_rubber_apos": 0,
        "mmg_carbine_black": 0,
        "ttc_akmodpk_snow": 1,
        "ttc_dmr_556pmag_100rnd_camo": 1,
        "mmg_carrier_backpack_atacs": 0,
        "m65jacket_olive": 5,
        "izh18shotgun": 5,
        "mmg_balaclava_alpine": 0,
        "paramedicjacket_green": 5,
        "ttc_ammobox_338mm_10rnd": 17,
        "m4_t3nrdsoptic": 12,
        "armband_rsta": 125,
        "mmg_patch_rubber_mmg": 0,
        "largetent": 0,
        "flag_cannibals": 5,
        "ttc_338mag_10rnd": 1,
        "ttc_moddmrtan_556": 5,
        "mmg_facemask_tan": 0,
        "mmg_cargobelt_tan": 37,
        "mmg_ammo_pouch_dark_woodland": 0,
        "ttc_mk47": 1,
        "anticheminjector": 1,
        "mmg_tt_vest_tan": 0,
        "mmg_balaclava_erdl": 0,
        "mmg_combatshirt_erdl": 0,
        "mmg_patch_rubber_police": 0,
        "expansion_flag_red": 5,
        "firefightershelmet_white": 1,
        "bandana_redpattern": 0,
        "zucchiniseeds": 5,
        "assaultbag_green": 0,
        "expansion_landrover_wheel": 1,
        "mmg_triple_magpouch_multicam_tropic": 0,
        "expansion_flag_norway": 5,
        "mmg_mmps_bag_dark_woodland": 0,
        "mmg_med_pouch_multicamblack": 0,
        "ttc_ammo_303": 520,
        "mmg_balaclava_multicam": 0,
        "expansionhelicopterbattery": 0,
        "mmg_balaclava_black": 0,
        "ttc_aachoney_300blk_b": 0,
        "ttc_dmr_762stanag_20rnd_tan": 1,
        "expansion_flag_anyoneincherno": 5,
        "armband_livoniaarmy": 125,
        "screwdriver": 1,
        "steakknife": 1,
        "expansionsafemini": 0,
        "mmg_chestrig_tan": 0,
        "mmg_tt_vest_multicamblack": 0,
        "mmg_tactical_gloves_tan": 0,
        "expansion_flag_nuevorico": 5,
        "mmg_tactical_pants_multicam_tropic": 0,
        "skatehelmet_black": 1,
        "mmg_operatorshirt_green": 0,
        "ttc_ammobox_44mag": 10,
        "ttc_akmod_afg": 2,
        "ammobox_00buck_10rnd": 0,
        "ttc_coupled_fal_magazine": 1,
        "ttc_holo": 4,
        "hatchbackwheel": 1,
        "ttc_eotechvudu_tan_ak_optic": 1,
        "flag_cmc": 5,
        "mmg_combatshirt_ucp": 0,
        "mmg_falcon_b1_belt_multicamblack": 0,
        "augshort": 1,
        "workinggloves_beige": 5,
        "mmg_patch_rubber_bushcraft": 0,
        "ammo_556x45tracer": 2635,
        "mmg_mk5_grenade_pouch_green": 0,
        "partytent_brown": 1,
        "ammo_357": 2588,
        "tacticalgloves_black": 5,
        "ruger1022": 0,
        "pickaxe": 1,
        "mmg_patch_rubber_0pos": 0,
        "expansion_flag_newzealand": 5,
        "mp5k": 12,
        "prisonuniformjacket": 5,
        "gpsreceiver": 3,
        "ttc_m24_woodlandold": 1,
        "ttc_hamr_ak": 2,
        "firefighterjacket_black": 5,
        "mmg_mmps_bag_black": 0,
        "ttc_aachoney_b": 2,
        "ttc_m1a_tan": 1,
        "mmg_boots_black": 0,
        "mmg_sheath_multicamblack": 0,
        "mag_ak101_30rnd": 4,
        "militaryboots_brown": 5,
        "hatchbackhood_blue": 1,
        "expansionspraycanmh6elliptical": 75,
        "mmg_patch_rubber_0neg": 0,
        "universallight": 3,
        "alicebag_camo": 0,
        "mmg_double_magpouch_multicam_tropic": 0,
        "mmg_triple_magpouch_multicam": 0,
        "kashtanoptic": 10,
        "hatchback_02_door_1_1_black": 1,
        "mag_val_20rnd": 2,
        "mmg_mk5_grenade_pouch_tan": 0,
        "mmg_ammo_pouch_erdl": 0,
        "expansion_flag_france": 5,
        "mmg_assault_pack_ucp": 0,
        "mmg_sheath_ucp": 0,
        "mmg_triple_magpouch_alpine": 0,
        "mmg_operatorshirt_atacs": 0,
        "truck_01_hood_blue": 1,
        "mmg_gp_nvg_black": 0,
        "handcuffkeys": 1,
        "ttc_moddmrdigitan_556": 5,
        "ttc_338mag_5rnd": 2,
        "starlightoptic": 1,
        "mmg_boots_multicam": 0,
        "electronicrepairkit": 6,
        "ttc_deagle": 3,
        "mmg_striker_helmet_multicamblack": 0,
        "m4_carryhandleoptic": 2,
        "civsedandoors_codriver_wine": 1,
        "mmg_mk5_grenade_pouch_atacs": 0,
        "ammo_380": 2787,
        "mmg_jpc_vest_multicam_tropic": 0,
        "ghilliesuit_woodland": 5,
        "mmg_combatpants_ucp": 0,
        "woolcoat_black": 5,
        "ttc_akmod_762x54_65rnd": 1,
        "mmg_patch_fabric_511": 0,
        "ttc_kar98k": 1,
        "ttc_g3_optic": 1,
        "civsedantrunk_wine": 1,
        "ttc_akmod_multi_hndguard": 1,
        "ttc_elcan": 0,
        "mmg_facemask_joker": 0,
        "m4_rishndgrd": 2,
        "m18smokegrenade_green": 5,
        "militaryboots_beige": 6,
        "hatchbackdoors_codriver_blue": 1,
        "mmg_assault_pack_black": 0,
        "armband_black": 125,
        "mkii": 3,
        "ttc_dmr_556pmag_100rnd_tan": 1,
        "mmg_bottle_dark_woodland": 0,
        "ttc_awm_magazine_5rnd": 1,
        "ttcsr25_desert": 5,
        "ttc_akmodpk": 1,
        "mmg_falcon_b1_belt_ucp": 0,
        "expansion_anpeq15_green": 5,
        "ttc_scarh": 1,
        "mmg_tactical_pouch_tan": 0,
        "flag_livonia": 5,
        "truck_01_wheel": 1,
        "militaryboots_redpunk": 6,
        "seachest": 1,
        "mmg_patch_rubber_bra": 0,
        "mag_kimber1911_10rnd": 1,
        "expansion_flag_rainbow": 5,
        "mag_akm_palm30rnd": 5,
        "mmg_combatshirt_dark_woodland": 0,
        "mag_pp19_64rnd": 11,
        "mmg_bottle_olive": 0,
        "asval": 4,
        "expansionboltcutters": 1,
        "mag_stanagcoupled_30rnd": 0,
        "ammobox_380_35rnd": 13,
        "mmg_double_magpouch_black": 0,
        "platecarrierpouches_green": 1,
        "expansion_flag_southkorea": 5,
        "mmg_boots_green": 0,
        "mag_deagle_9rnd": 1,
        "mmg_tactical_helmet_tan": 0,
        "expansionspraycanmerlinion": 75,
        "gorkapants_autumn": 2,
        "mmg_striker_helmet_erdl": 0,
        "glock19": 7,
        "expansion_landrover_driverdoor": 1,
        "m4_suppressor": 1,
        "combinationlock": 4,
        "mmg_triple_magpouch_tan": 0,
        "sedan_02_door_2_1_red": 1,
        "ttc_buttstock_morty": 4,
        "dirtbikehelmet_mouthguard": 1,
        "hatchback_02_door_1_2_black": 1,
        "motohelmet_red": 1,
        "mountainbag_green": 0,
        "expansionspraycanorange": 75,
        "ttc_moddmrtwotone_762": 5,
        "ukassvest_olive": 1,
        "mmg_tactical_helmet_multicamblack": 0,
        "bomberjacket_grey": 5,
        "eyepatch_improvised": 5,
        "combatboots_black": 6,
        "quiltedjacket_green": 5,
        "mmg_assault_pack_atacs": 0,
        "cleaver": 1,
        "ttc_ammobox_277_20rnd": 15,
        "expansion_flag_skilanka": 5,
        "mmg_combatpants_black": 0,
        "hatchback_02_hood_black": 1,
        "quiltedjacket_yellow": 5,
        "mmg_mk_v_armor_erdl": 0,
        "ak_woodhndgrd": 0,
        "ttc_dmr_556stanag_100rnd_tan": 3,
        "ttc_mcx": 1,
        "mmg_patch_rubber_abneg": 1,
        "mmg_carrier_backpack_multicam": 0,
        "mmg_mk5_grenade_pouch_erdl": 0,
        "platecarriervest_green": 1,
        "ttc_moddmr_556": 5,
        "ttc_44magnum_black": 1,
        "ttc_akmod_multi": 1,
        "balaclava3holes_blue": 1,
        "ttc_ag3": 1,
        "ttc_dmr_556stanag_30rnd_digitan": 2,
        "ttc_bar_magazine_20rnd": 1,
        "ttc_dmr_762stanag_20rnd_digitan": 3,
        "sportglasses_blue": 5,
        "expansion_flag_yellow": 5,
        "nailedbaseballbat": 1,
        "darkmotohelmet_green": 1,
        "rdg2smokegrenade_black": 5,
        "hatchbackhood": 1,
        "expansionspraycanyellowrust": 75,
        "flag_wolf": 5,
        "combatboots_green": 5,
        "mmg_patch_rubber_tur": 0,
        "tannedleather": 1,
        "expansionspraycanmh6graywatcher": 75,
        "truck_01_door_1_1_blue": 1,
        "expansion_flag_biohazard": 5,
        "ttc_sg552_wood": 2,
        "expansion_flag_switzerland": 5,
        "mmg_tac_goggles_red_black": 0,
        "surgicalgloves_green": 5,
        "barrel_green": 5,
        "ttc_m4dmrdesert": 5,
        "gorkahelmet_black": 1,
        "mag_cmag_30rnd": 3,
        "mich2001helmet": 2,
        "bomberjacket_brown": 5,
        "expansion_flag_usa": 5,
        "mmg_bottle_black": 0,
        "hatchbackdoors_driver_blue": 1,
        "mmg_mk5_grenade_pouch_multicamblack": 0,
        "mmg_balaclava_multicamblack": 0,
        "saiga_bttstck": 5,
        "ttc_dmr_suppressor": 5,
        "nbchoodyellow": 3,
        "expansionspraycanmh6sheriff": 75,
        "mmg_chestrig_alpine": 0,
        "mmg_jpc_vest_alpine": 0,
        "mmg_boonie_multicam": 0,
        "expansion_landrover": 5,
        "ttc_sg550_black": 2,
        "firefighteraxe": 1,
        "mmg_falcon_b1_belt_black": 1,
        "armband_ssahrani": 125,
        "mmg_bottle_alpine": 0,
        "ttc_ak12_worn": 1,
        "mmg_med_pouch_multicam_tropic": 0,
        "ammobox_556x45tracer_20rnd": 13,
        "ammo_308win": 2678,
        "armband_hunterz": 125,
        "nbcbootsgray": 2,
        "mmg_ammo_pouch_alpine": 0,
        "flag_white": 5,
        "skatehelmet_blue": 1,
        "nbcglovesgray": 3,
        "mmg_boonie_black": 0,
        "dirtbikehelmet_visor": 1,
        "smershbag": 1,
        "civsedandoors_codriver_black": 1,
        "mmg_patch_rubber_bushcraft1": 0,
        "quiltedjacket_orange": 5,
        "mmg_mmps_bag_erdl": 0,
        "cablereel": 7,
        "barrelholes_red": 5,
        "cz61": 3,
        "mmg_patch_rubber_nzl": 0,
        "mag_ump_25rnd": 3,
        "armband_white": 125,
        "ammo_flarered": 2500,
        "platecarrierholster": 1,
        "flag_chernarus": 5,
        "mmg_ammo_pouch_atacs": 0,
        "expansionspraycanmh6wasp": 75,
        "expansion_flag_russia": 5,
        "quiltedjacket_black": 5,
        "mmg_patch_rubber_dayz": 0,
        "expansionspraycanred": 75,
        "mmg_facemask_ucp": 0,
        "paramedicjacket_blue": 5,
        "chestholster": 1,
        "ttc_hk416black": 1,
        "huntingjacket_brown": 5,
        "denimjacket": 5,
        "tracksuitjacket_green": 5,
        "canopener": 3,
        "ttc_dmr_556stanag_100rnd_digitan": 1,
        "mmg_carbine_grey": 0,
        "mmg_tactical_helmet_green": 0,
        "mmg_tactical_shirt_tan": 0,
        "expansion_flag_orange": 5,
        "jungleboots_olive": 5,
        "tacticalgloves_beige": 5,
        "workinggloves_brown": 5,
        "mmg_boonie_dark_woodland": 0,
        "ammo_12gapellets": 2345,
        "tracksuitjacket_red": 5,
        "ttc_akmod_suppressor": 1,
        "hunterpants_winter": 2,
        "ttc_ammo_44mag": 528,
        "expansionridersjacketbrown": 5,
        "ttc_dmr_556pmag_100rnd": 0,
        "ttc_akmod_digi_hndguard": 2,
        "mmg_mk5_utility_pouch_dark_woodland": 0,
        "flag_napa": 5,
        "mmg_tactical_pants_ucp": 0,
        "motohelmet_black": 1,
        "bomberjacket_olive": 5,
        "mmg_holster_ucp": 0,
        "ttc_gevar43_tan": 5,
        "mmg_tt_vest_black": 0,
        "zsh3pilothelmet_green": 1,
        "ttc_akmod_tan_hndguard": 1,
        "armband_tec": 125,
        "mmg_balaclava_tan": 0,
        "hatchbacktrunk_blue": 1,
        "ttc_dmr_556pmag_40rnd": 1,
        "tortillabag": 0,
        "b95": 2,
        "mag_cz61_20rnd": 2,
        "mmg_supplybag_dark_woodland": 0,
        "mmg_cargobelt_green": 37,
        "expansionspraycanmh6wave": 75,
        "huntingbag": 0,
        "ttc_pistol_light": 1,
        "mmg_camelback_tan": 0,
        "mmg_patch_fabric_dayz": 0,
        "mmg_patch_rubber_chl": 0,
        "m16a2": 5,
        "mag_mp5_30rnd": 7,
        "ttc_dmr_762stanag_10rnd": 1,
        "ttc_sg550_pink": 1,
        "ttc_tavor_dmr": 5,
        "mmg_triple_magpouch_green": 0,
        "ttc_mcx_300blk": 1,
        "ghilliebushrag_mossy": 5,
        "expansionspraycanwinerust": 75,
        "mmg_tactical_shirt_multicam_tropic": 0,
        "dirtbikehelmet_chernarus": 1,
        "mmg_operatorshirt_dark_woodland": 0,
        "mmg_combatshirt_black": 0,
        "mmg_patch_rubber_netherlands": 0,
        "mmg_tactical_helmet_atacs": 0,
        "mmg_patch_rubber_germany": 1,
        "nbcpantsgray": 2,
        "woolcoat_beige": 5,
        "ttc_eotechvudu_optic": 0,
        "hatchback_02_trunk_black": 1,
        "ak_plasticbttstck": 4,
        "mmg_bottle_ucp": 0,
        "fangeknife": 1,
        "expansionspraycanmerlinwave": 75,
        "partytent_blue": 1,
        "ak74": 3,
        "truck_01_door_2_1_orange": 1,
        "mmg_tactical_shirt_multicamblack": 0,
        "ammobox_762x54tracer_20rnd": 17,
        "mmg_mag_pouch_black": 0,
        "jungleboots_black": 5,
        "ttc_mpxmcx1_bttstck2": 2,
        "bloodtestkit": 3,
        "mmg_combatpants_olive": 0,
        "camonet": 5,
        "expansion_flag_offwithhead": 5,
        "cz75": 5,
        "ttc_dmr_556pmag_30rnd_tan": 1,
        "expansionspraycanwhite": 75,
        "gorkaejacket_summer": 6,
        "constructionhelmet_yellow": 2,
        "pressvest_blue": 1,
        "makarovij70": 2,
        "expansionuazwheel": 1,
        "bandagedressing": 7,
        "chemlight_yellow": 2,
        "ttc_hk417": 1,
        "mmg_jpc_vest_olive": 0,
        "civsedanhood_black": 1,
        "truckbattery": 1,
        "mmg_holster_multicamblack": 0,
        "hatchback_02": 3,
        "mmg_nbc_pouch": 0,
        "mmg_patch_rubber_ukraine": 0,
        "mmg_chestrig_ucp": 0,
        "ttc_ammobox_792x33_20rnd": 11,
        "mmg_triple_magpouch_atacs": 0,
        "ttc_mpx": 1,
        "hatchback_02_door_2_1_black": 1,
        "mosin_compensator": 1,
        "m4_mpbttstck": 5,
        "civsedandoors_driver_wine": 1,
        "longhorn": 5,
        "ammobox_556x45_20rnd": 0,
        "bandana_polkapattern": 0,
        "ttc_aachoney_300blk": 2,
        "ttc_ammobox_50ae": 11,
        "mmg_mk_iii_armor_alpine": 0,
        "gorkapants_flat": 2,
        "mmg_patch_rubber_aneg": 0,
        "greathelm": 1,
        "airbornemask": 6,
        "kazuaroptic": 1,
        "ukassvest_camo": 3,
        "jumpsuitjacket_blue": 6,
        "mmg_headphones_black": 0,
        "mag_stanag_30rnd": 4,
        "mmg_armored_helmet_visor_green": 0,
        "ttc_pistolsuppressor": 2,
        "mmg_holster_green": 0,
        "mmg_camelback_green": 0,
        "gorkaejacket_autumn": 6,
        "mmg_camelback_multicam_tropic": 0,
        "mmg_med_pouch_ucp": 0,
        "mmg_sheath_multicam": 0,
        "mmg_tactical_gloves_alpine": 0,
        "m18smokegrenade_red": 7,
        "mmg_mmps_bag_alpine": 0,
        "mmg_mk5_grenade_pouch_ucp": 0,
        "ttc_m24_bjorn": 1,
        "weaponcleaningkit": 1,
        "ttcsr25_od": 5,
        "mag_famas_25rnd": 3,
        "expansionlumber1_5": 1,
        "ttc_sg552_black": 1,
        "expansionspraycanuh1hresistance": 75,
        "raincoat_red": 5,
        "ttc_mag_m9_15rnd": 2,
        "ttc_ammo_8mm": 500,
        "weldingmask": 1,
        "alarmclock_red": 5,
        "saiga": 5,
        "hunterpants_spring": 2,
        "mmg_operatorshirt_ucp": 0,
        "mmg_camelback_multicam": 0,
        "mmg_patch_rubber_finland": 0,
        "mmg_tactical_shirt_multicam": 0,
        "mmg_patch_rubber_ocean": 0,
        "ttc_dmr_762stanag_10rnd_digitan": 1,
        "ttc_300cmag": 2,
        "tracksuitjacket_blue": 5,
        "mmg_patch_rubber_england": 0,
        "gorkapants_pautrev": 3,
        "civsedandoors_backleft_wine": 1,
        "truck_01_hood": 1,
        "whetstone": 3,
        "mmg_tac_goggles_red_tan": 0,
        "omnogloves_brown": 5,
        "mmg_patch_rubber_can": 0,
        "mmg_holster_atacs": 0,
        "headlighth7_box": 0,
        "mmg_camelback_atacs": 0,
        "ammo_762x39tracer": 2924,
        "ttc_ammobox_3006_20rnd": 10,
        "armband_cannibals": 125,
        "brassknuckles_dull": 1,
        "mmg_supplybag_alpine": 0,
        "ballistichelmet_black": 2,
        "mag_cmag_10rnd": 8,
        "civsedanhood": 1,
        "ttc_bugbuster": 5,
        "sportglasses_green": 5,
        "jungleboots_brown": 5,
        "ttc_sg552": 1,
        "ttc_moddmrsnow_556": 5,
        "hikingjacket_green": 5,
        "ammo_45acp": 2916,
        "mmg_ammo_pouch_tan": 0,
        "expansionspraycanmh6blueline": 75,
        "mmg_combatpants_erdl": 0,
        "famas": 1,
        "ttc_gevar43_green": 5,
        "ttc_hkg28": 5,
        "hatchback_02_door_2_2_black": 1,
        "orienteeringcompass": 1,
        "expansionigniterplug": 0,
        "mmg_operatorshirt_multicam_tropic": 0,
        "ttc_dmr_vfg_tan": 1,
        "constructionhelmet_lime": 3,
        "lugwrench": 1,
        "woolcoat_greycheck": 5,
        "civsedandoors_backright_black": 1,
        "mmg_boots_alpine": 0,
        "ttc_mp7a1": 2,
        "ttc_308stanag": 1,
        "mmg_mk_v_armor_green": 0,
        "expansion_flag_mexico": 5,
        "mmg_mk5_grenade_pouch_multicam": 0,
        "bdujacket": 5,
        "constructionhelmet_blue": 1,
        "ttc_m110_black": 1,
        "mmg_tactical_pants_alpine": 0,
        "mmg_triple_magpouch_dark_woodland": 0,
        "mmg_armored_helmet_visor_tan": 0,
        "mmg_jpc_vest_tan": 0,
        "ammobox_12gaslug_10rnd": 14,
        "mmg_tactical_helmet_multicam_tropic": 0,
        "armband_bear": 125,
        "mmg_boots_ucp": 0,
        "mmg_patch_rubber_lithuania": 0,
        "mmg_patch_rubber_sweden": 0,
        "m4_mphndgrd": 1,
        "fnx45": 5,
        "huntingjacket_winter": 5,
        "ttc_elcan_ak": 1,
        "mmg_facemask_multicamblack": 0,
        "mmg_camelback_erdl": 0,
        "hatchback_02_hood": 1,
        "ghilliebushrag_woodland": 5,
        "cz527": 0,
        "mmg_patch_rubber_livonia_special": 0,
        "mmg_operatorshirt_erdl": 0,
        "paramedicjacket_crimson": 5,
        "ttc_dmr_762stanag_10rnd_tan": 1,
        "mmg_mk_v_armor_tan": 0,
        "antipestsspray": 1,
        "expansion_flag_uk": 5,
        "expansion_flag_latvia": 5,
        "expansion_flag_un": 5,
        "ttc_scarl": 3,
        "mmg_ballistic_earcover_tan": 0,
        "mmg_mag_pouch_multicamblack": 0,
        "rope": 5,
        "izh43shotgun": 3,
        "mmg_balaclava_olive": 0,
        "mmg_patch_rubber_rangers": 0,
        "dirtbikehelmet_green": 1,
        "mmg_ammo_pouch_multicam_tropic": 0,
        "offroad_02_trunk": 1,
        "armband_refuge": 125,
        "ttskojacket_camo": 6,
        "expansion_g36": 4,
        "fryingpan": 1,
        "flag_zenit": 5,
        "flag_babydeer": 5,
        "mmg_mk_v_armor_atacs": 0,
        "ttc_winchester1873": 1,
        "mmg_sheath_tan": 0,
        "mmg_patch_rubber_sniper1": 0,
        "armband_yellow": 125,
        "ttcsr25_snow": 5,
        "mmg_patch_rubber_austria1": 0,
        "jumpsuitjacket_red": 5,
        "mag_cmag_20rnd": 6,
        "fal_foldingbttstck": 2,
        "mmg_supplybag_multicamblack": 0,
        "expansionspraycanuh1hmedical": 75,
        "drybag_red": 0,
        "batterycharger": 5,
        "quiltedjacket_violet": 5,
        "hikingjacket_red": 5,
        "ttc_buttstock_tan": 1,
        "ttc_mk18": 1,
        "disinfectantspray": 1,
        "ttc_dmr_556pmag_40rnd_digitan": 1,
        "bandana_blue": 0,
        "ttc_ammobox_50beo_20rnd": 10,
        "hammer": 3,
        "expansionuaz": 5,
        "ttc_buttstock2": 1,
        "pp19": 9,
        "mag_cz527_5rnd": 0,
        "hatchback_02_door_2_2_blue": 1,
        "ttc_stg44_magazine_30rnd": 1,
        "ttc_m82": 5,
        "mmg_mmps_bag_tan": 0,
        "compass": 7,
        "mmg_facemask_erdl": 0,
        "mmg_striker_helmet_black": 0,
        "expansionspraycanmerlindahoman": 75,
        "mmg_tactical_gloves_dark_woodland": 0,
        "mmg_combatshirt_alpine": 0,
        "hatchbacktrunk_white": 1,
        "mmg_ammo_pouch_ucp": 0,
        "farminghoe": 1,
        "mmg_supplybag_multicam_tropic": 0,
        "bomberjacket_maroon": 5,
        "ttc_akmod_hndguard": 2,
        "ttc_m4dmrod": 5,
        "darkmotohelmet_grey": 1,
        "mmg_falcon_b1_belt_alpine": 0,
        "chemlight_green": 1,
        "armband_livoniapolice": 125,
        "mmg_patch_rubber_wales": 1,
        "jumpsuitjacket_green": 5,
        "mmg_mk_iii_armor_dark_woodland": 0,
        "mmg_tactical_gloves_ucp": 0,
        "ttc_pp91_mag_20rnd": 1,
        "ttc_akmod_snow_hndguard": 1,
        "expansionuazdoorcodriver": 1,
        "ttc_universal_suppressor_black": 1,
        "mmg_mk_iii_armor_ucp": 0,
        "gorkahelmet": 1,
        "expansionmich2001desert": 1,
        "ttc_dmr_762stanag_20rnd_camo": 1,
        "hacksaw": 3,
        "ammobox_12garubberslug_10rnd": 12,
        "ttc_dmr_556pmag_40rnd_camo": 3,
        "mmg_carbine_green": 0,
        "mmg_tactical_pants_multicamblack": 0,
        "expansionspraycancamomedical": 75,
        "mmg_supplybag_ucp": 0,
        "ttc_ammo_338": 552,
        "expansionspraycanmerlinpresident": 75,
        "ttc_akmod_gold_hndguard": 1,
        "mmg_patch_rubber_medic": 0,
        "ttskoboots": 6,
        "mmg_double_magpouch_multicamblack": 0,
        "binoculars": 2,
        "smallprotectorcase": 5,
        "ttc_akmod_digi": 1,
        "mmg_facemask_black": 0,
        "hatchback_02_wheel": 1,
        "flag_livoniaarmy": 5,
        "ttc_dmr_556stanag_100rnd_camo": 0,
        "mmg_double_magpouch_erdl": 1,
        "jungleboots_beige": 4,
        "fal_oebttstck": 2,
        "mag_1911_7rnd": 6,
        "ttc_universal_suppressor_tan": 1,
        "expansion_flag_ireland": 5,
        "ammobox_22_50rnd": 12,
        "mmg_tt_vest_ucp": 0,
        "ttc_hamr": 2,
        "wrench": 1,
        "mediumtent": 1,
        "ghillieatt_tan": 0,
        "mmg_patch_rubber_bpos": 0,
        "mag_svd_10rnd": 1,
        "derringer_black": 1,
        "smallgascanister": 1,
        "ttc_gevar43_silver": 5,
        "armband_livonia": 125,
        "civsedandoors_backleft_black": 1,
        "mmg_patch_rubber_uk": 0,
        "offroad_02_hood": 1,
        "flag_snake": 5,
        "drybag_blue": 0,
        "ttc_50beo_mag": 1,
        "mmg_tactical_gloves_multicam_tropic": 0,
        "platecarrierpouches": 1,
        "huntingjacket_spring": 5,
        "vitaminbottle": 1,
        "mag_cz550_4rnd": 0,
        "ttc_p320": 0,
        "mmg_mk_v_armor_alpine": 0,
        "mmg_mk5_utility_pouch_green": 0,
        "armband_orange": 125,
        "mmg_gp_nvg_tan": 0,
        "ttc_dmr_hndguarddesert": 1,
        "ttc_l85": 1,
        "ttc_mag_svt40_10rnd": 1,
        "dirtbikehelmet_blue": 1,
        "sedan_02_trunk": 1,
        "mmg_ballistic_earcover_black": 0,
        "drybag_green": 0,
        "skatehelmet_green": 1,
        "mmg_mk_v_armor_multicam": 0,
        "usmcpants_woodland": 2,
        "taloonbag_blue": 0,
        "armband_snake": 125,
        "expansion_flag_grenade": 5,
        "hockeyhelmet_blue": 1,
        "civsedantrunk_black": 1,
        "mmg_assault_pack_mct": 0,
        "ttc_ammobox_303_20rnd": 12,
        "expansion_landrover_codriverdoor": 1,
        "platecarrierholster_camo": 2,
        "mmg_mmps_bag_green": 0,
        "nbcjacketgray": 2,
        "ak74_hndgrd": 1,
        "mmg_tactical_visor_black": 0,
        "tankerhelmet": 1,
        "metalplate": 1,
        "mmg_combatpants_multicamblack": 0,
        "mag_ij70_8rnd": 2,
        "expansionspraycanmh6jeans": 75,
        "ttc_fal_wood_hndgrd": 1,
        "mp5_compensator": 4,
        "tacticalgloves_green": 5,
        "mmg_tactical_pouch_multicam_tropic": 0,
        "fal": 1,
        "skatehelmet_red": 1,
        "ttc_buttstockhk": 2,
        "mmg_patch_rubber_eod": 1,
        "bandana_pink": 0,
        "ttc_m4tac_black": 2,
        "ak_bayonet": 0,
        "headtorch_black": 3,
        "flag_apa": 5,
        "mmg_dump_pouch_green": 37,
        "mmg_assault_pack_multicamblack": 0,
        "expansion_flag_china": 5,
        "hatchback_02_door_1_1": 1,
        "hatchback_02_door_1_2": 1,
        "hikingjacket_blue": 5,
        "platecarrierholster_black": 1
    }
}