{
    "m_Version": 3,
    "EnableStatusTab": 1,
    "EnablePartyTab": 1,
    "EnableServerInfoTab": 1,
    "EnableServerRulesTab": 1,
    "EnableTerritoryTab": 1,
    "EnableBookMenu": 1,
    "CreateBookmarks": 0,
    "RuleCategories": [
        {
            "CategoryName": "General",
            "Rules": [
                {
                    "RuleParagraph": "1.0",
                    "RuleText": "As in The Walking Dead, it is up to you how and with whom you survive in this world. The only server rule is: NO hoarding of cars! MAX 2 Vehicles per Player!"
                },
				{
                    "RuleParagraph": "1.1.",
                    "RuleText": "Insults, discrimination, extremist and racist statements or texts are taboo."
                },
                {
                    "RuleParagraph": "1.2.",
                    "RuleText": "We reserve the right to exclude people from the server who share extremist or racist ideas or who clearly disturb the server harmony."
                },
                {
                    "RuleParagraph": "1.3.",
                    "RuleText": "Decisions of the team members, both the supporter and the admin are to be accepted without discussion."
                },
                {
                    "RuleParagraph": "1.4.",
                    "RuleText": "Provocations and toxic behavior will not be tolerated and punished! Be friendly to fellow players and your team, both in chat and in voice!"
                },
                {
                    "RuleParagraph": "1.5.",
                    "RuleText": "The use of external programs, scripts and cheats is not tolerated and is punished with a permanent exclusion."
                }			
            ]
        }
    ],
    "DisplayServerSettingsInServerInfoTab": 1,
    "ShowHaBStats": 1,
    "SettingCategories": [
        {
            "CategoryName": "Base-Building Settings",
            "Settings": [
                {
                    "SettingTitle": "Expansion.Settings.BaseBuilding.CanCraftVanillaBasebuilding",
                    "SettingText": "",
                    "SettingValue": ""
                },
                {
                    "SettingTitle": "Expansion.Settings.BaseBuilding.CanCraftExpansionBasebuilding",
                    "SettingText": "",
                    "SettingValue": ""
                }
            ]
        },
        {
            "CategoryName": "Raid Settings",
            "Settings": [
                {
                    "SettingTitle": "Expansion.Settings.Raid.CanRaidSafes",
                    "SettingText": "",
                    "SettingValue": ""
                },
                {
                    "SettingTitle": "Expansion.Settings.Raid.SafeExplosionDamageMultiplier",
                    "SettingText": "",
                    "SettingValue": ""
                },
                {
                    "SettingTitle": "Expansion.Settings.Raid.SafeProjectileDamageMultiplier",
                    "SettingText": "",
                    "SettingValue": ""
                },
                {
                    "SettingTitle": "Expansion.Settings.Raid.ExplosionTime",
                    "SettingText": "",
                    "SettingValue": ""
                },
                {
                    "SettingTitle": "Expansion.Settings.Raid.ExplosionDamageMultiplier",
                    "SettingText": "",
                    "SettingValue": ""
                },
                {
                    "SettingTitle": "Expansion.Settings.Raid.ProjectileDamageMultiplier",
                    "SettingText": "",
                    "SettingValue": ""
                }
            ]
        },
        {
            "CategoryName": "Map Settings",
            "Settings": [
                {
                    "SettingTitle": "Expansion.Settings.Map.NeedGPSItemForKeyBinding",
                    "SettingText": "",
                    "SettingValue": ""
                },
                {
                    "SettingTitle": "Expansion.Settings.Map.NeedMapItemForKeyBinding",
                    "SettingText": "",
                    "SettingValue": ""
                }
            ]
        },
        {
            "CategoryName": "Party Settings",
            "Settings": [
                {
                    "SettingTitle": "Expansion.Settings.Party.MaxMembersInParty",
                    "SettingText": "",
                    "SettingValue": ""
                },
                {
                    "SettingTitle": "Expansion.Settings.Party.UseWholeMapForInviteList",
                    "SettingText": "",
                    "SettingValue": ""
                }
            ]
        },
        {
            "CategoryName": "Territory Settings",
            "Settings": [
                {
                    "SettingTitle": "Expansion.Settings.Territory.TerritorySize",
                    "SettingText": "",
                    "SettingValue": ""
                },
                {
                    "SettingTitle": "Expansion.Settings.Territory.UseWholeMapForInviteList",
                    "SettingText": "",
                    "SettingValue": ""
                }
            ]
        }
    ],
    "Links": [
        {
            "Name": "Reservoir Dogs Discord",
            "URL": "https://discord.gg/H7wNUfeVMz",
            "IconName": "Discord",
            "IconColor": -9270822
        },
        {
            "Name": "Steam",
            "URL": "https://steamcommunity.com/sharedfiles/filedetails/?id=2116151222",
            "IconName": "Steam",
            "IconColor": -14006434
        },
        {
            "Name": "GitHub",
            "URL": "https://github.com/salutesh/DayZ-Expansion-Scripts/wiki",
            "IconName": "GitHub",
            "IconColor": -16777216
        },
        {
            "Name": "YouTube",
            "URL": "https://www.youtube.com/channel/UCZNgSvIEWfru963tQZOAVJg",
            "IconName": "YouTube",
            "IconColor": -65536
        }
    ],
    "Descriptions": [
        {
            "CategoryName": "General Info",
            "Descriptions": [
                {
                    "DescriptionText": "Vanilla and Expansion cars can be found in the world, CarKey could be bought at the Trader. All survivors should have a chance to find a car, so car hoarding is forbidden, max 2 vehicles per player!"
                },
                {
                    "DescriptionText": "Most weapons, military clothing, extra cars and other loot can be tradet at the Central Trader."
				},
                {
                    "DescriptionText": "Larger sniper weapons, heavy armor military gear from Mighty's and explosives are only available from the Military Trader."
				},
				{
                    "DescriptionText": "Helicopters - MH6 Little Bird and UH1 - are available from the Heli Trader."
				}
            ]
        },
        {
            "CategoryName": "MMG - Mightys Military Gear Info",
            "Descriptions": [
                {
                    "Name": "Vests",
					"URL": "https://discord.com/channels/913165383668760586/913173592911532033/914457753685200936",
					"IconName": "Discord",
					"IconColor": -9270822
                }
            ]
        }
    ],
    "CraftingCategories": [
        {
            "CategoryName": "Accessories",
            "Results": [
                "armband_",
                "armband_white",
                "eyepatch_improvised"
            ]
        },
        {
            "CategoryName": "Backpacks",
            "Results": [
                "courierbag",
                "furcourierbag",
                "furimprovisedbag",
                "improvisedbag",
                "leathersack_brown"
            ]
        },
        {
            "CategoryName": "Base-Building",
            "Results": [
                "expansionbarbedwirekit",
                "fencekit",
                "expansionfloorkit",
                "expansionhelipadkit",
                "expansionhescokit",
                "expansionrampkit",
                "shelterkit",
                "expansionstairkit",
                "territoryflagkit",
                "expansionwallkit",
                "watchtowerkit"
            ]
        },
        {
            "CategoryName": "Camouflage",
            "Results": [
                "camonet",
                "ghillieatt_tan",
                "ghillieatt_mossy",
                "ghillieatt_woodland",
                "ghilliebushrag_tan",
                "ghilliebushrag_mossy",
                "ghilliebushrag_woodland",
                "ghilliehood_tan",
                "ghilliehood_mossy",
                "ghilliehood_woodland",
                "ghilliesuit_tan",
                "ghilliesuit_mossy",
                "ghilliesuit_woodland",
                "ghillietop_tan",
                "ghillietop_mossy",
                "ghillietop_woodland"
            ]
        },
        {
            "CategoryName": "Cooking",
            "Results": [
                "fireplace",
                "firewood",
                "handdrillkit"
            ]
        },
        {
            "CategoryName": "Fishing",
            "Results": [
                "bait",
                "bonebait",
                "bonehook",
                "improvisedfishingrod"
            ]
        },
        {
            "CategoryName": "Food",
            "Results": [
                "carpfilletmeat",
                "mackerelfilletmeat",
                "expansionmilkbottle",
                "potato",
                "slicedpumpkin"
            ]
        },
        {
            "CategoryName": "Horticulture",
            "Results": [
                "pepperseeds",
                "pumpkinseeds",
                "tomatoseeds",
                "zucchiniseeds"
            ]
        },
        {
            "CategoryName": "Lights",
            "Results": [
                "longtorch",
                "torch"
            ]
        },
        {
            "CategoryName": "Medical Supplies",
            "Results": [
                "bloodbagiv",
                "salinebagiv",
                "splint"
            ]
        },
        {
            "CategoryName": "Melee Weapons",
            "Results": [
                "nailedbaseballbat",
                "stoneknife"
            ]
        },
        {
            "CategoryName": "Storage",
            "Results": [
                "woodencrate"
            ]
        },
        {
            "CategoryName": "Supplies",
            "Results": [
                "boarpelt",
                "burlapsack",
                "burlapstrip",
                "longwoodenstick",
                "expansionlumber1",
                "expansionlumber1_5",
                "expansionlumber3",
                "nails",
                "netting",
                "rag",
                "rope",
                "sharpwoodenstick",
                "smallstone",
                "tannedleather",
                "woodenplank",
                "woodenstick"
            ]
        },
        {
            "CategoryName": "Weapon Modifications",
            "Results": [
                "sawedoffizh18shotgun"
            ]
        },
        {
            "CategoryName": "Weapon Attachments",
            "Results": [
                "improvisedsuppressor"
            ]
        }
    ]
}