{
    "m_Version": 9,
    "DisableShootToUnlock": 0,
    "EnableGravecross": 1,
    "GravecrossDeleteBody": 1,
    "GravecrossTimeThreshold": 3600,
    "Mapping": {
        "UseCustomMappingModule": 0,
        "Mapping": [],
        "BuildingInteriors": 0,
        "Interiors": [
            "Land_Barn_Brick2",
            "Land_Barn_Metal_Big",
            "Land_Barn_Wood2",
            "Land_BarnMetal_Big_Grey",
            "Land_City_Hospital",
            "Land_Garage_Big",
            "Land_Garage_Row_Big",
            "Land_Shed_Closed",
            "Land_House_1W01",
            "Land_House_1W02",
            "Land_House_1W06",
            "Land_House_1W07",
            "Land_House_1W11",
            "Land_House_2B01",
            "Land_House_2B02",
            "Land_House_2B03",
            "Land_House_2B04",
            "Land_House_2W01",
            "Land_House_2W02",
            "Land_House_2W03",
            "Land_Rail_Station_Big"
        ],
        "BuildingIvys": 0
    },
    "EnableLamps": 2,
    "EnableGenerators": 0,
    "EnableLighthouses": 0,
    "EnableHUDNightvisionOverlay": 1,
    "DisableMagicCrosshair": 1,
    "EnableAutoRun": 1,
    "UnlimitedStamina": 0,
    "UseDeathScreen": 1,
    "UseDeathScreenStatistics": 1,
    "UseNewsFeedInGameMenu": 1,
    "HUDColors": {
        "StaminaBarColor": "FFFFFFFF",
        "NotifierDividerColor": "DCDCDCFF",
        "TemperatureBurningColor": "DC0000FF",
        "TemperatureHotColor": "DCDC00FF",
        "TemperatureIdealColor": "DCDCDCFF",
        "TemperatureColdColor": "00CED1FF",
        "TemperatureFreezingColor": "1E90DCFF",
        "NotifiersIdealColor": "DCDCDCFF",
        "NotifiersHalfColor": "DCDC00FF",
        "NotifiersLowColor": "DC0000FF"
    },
    "EnableEarPlugs": 1,
    "InGameMenuLogoPath": "set:expansion_iconset image:logo_expansion_white"
}