{
    "m_Version": 4,
    "EnableNotification": 1,
    "ShowPlayerJoinServer": 1,
    "JoinMessageType": 1,
    "ShowPlayerLeftServer": 1,
    "LeftMessageType": 1,
    "ShowTerritoryNotifications": 1,
    "EnableKillFeed": 1,
    "KillFeedMessageType": 1,
    "KillFeedFall": 1,
    "KillFeedCarHitDriver": 1,
    "KillFeedCarHitNoDriver": 1,
    "KillFeedCarCrash": 1,
    "KillFeedCarCrashCrew": 1,
    "KillFeedHeliHitDriver": 1,
    "KillFeedHeliHitNoDriver": 1,
    "KillFeedHeliCrash": 1,
    "KillFeedHeliCrashCrew": 1,
    "KillFeedBoatHitDriver": 1,
    "KillFeedBoatHitNoDriver": 1,
    "KillFeedBoatCrash": 1,
    "KillFeedBoatCrashCrew": 1,
    "KillFeedBarbedWire": 1,
    "KillFeedFire": 1,
    "KillFeedWeaponExplosion": 1,
    "KillFeedDehydration": 1,
    "KillFeedStarvation": 1,
    "KillFeedBleeding": 1,
    "KillFeedStatusEffects": 1,
    "KillFeedSuicide": 1,
    "KillFeedWeapon": 1,
    "KillFeedMeleeWeapon": 1,
    "KillFeedBarehands": 1,
    "KillFeedInfected": 1,
    "KillFeedAnimal": 1,
    "KillFeedKilledUnknown": 1,
    "KillFeedDiedUnknown": 1,
    "EnableKillFeedDiscordMsg": 0
}