{
    "m_Version": 18,
    "VehicleSync": 0,
    "VehicleRequireKeyToStart": 1,
    "VehicleRequireAllDoors": 0,
    "VehicleLockedAllowInventoryAccess": 0,
    "VehicleLockedAllowInventoryAccessWithoutDoors": 1,
    "MasterKeyPairingMode": 2,
    "MasterKeyUses": 2,
    "CanPickLock": 1,
    "PickLockTools": [
        "Lockpick"
    ],
    "PickLockChancePercent": 30.0,
    "PickLockTimeSeconds": 120,
    "PickLockToolDamagePercent": 25.0,
    "EnableWindAerodynamics": 0,
    "EnableTailRotorDamage": 1,
    "Towing": 0,
    "EnableHelicopterExplosions": 0,
    "DisableVehicleDamage": 0,
    "VehicleCrewDamageMultiplier": 0.7,
    "VehicleSpeedDamageMultiplier": 0.8,
    "VehicleRoadKillDamageMultiplier": 1,
    "CollisionDamageIfEngineOff": 0,
    "CollisionDamageMinSpeedKmh": 30.0,
    "CanChangeLock": 0,
    "ChangeLockTools": [
        "Screwdriver"
    ],
    "ChangeLockTimeSeconds": 120,
    "ChangeLockToolDamagePercent": 10.0,
    "PlacePlayerOnGroundOnReconnectInVehicle": 1,
    "RevvingOverMaxRPMRuinsEngineInstantly": 0,
    "VehicleDropsRuinedDoors": 1,
    "ExplodingVehicleDropsAttachments": 1,
    "DesyncInvulnerabilityTimeoutSeconds": 3.0,
    "DamagedEngineStartupChancePercent": 100.0,
    "EnableVehicleCovers": 0,
    "AllowCoveringDEVehicles": 1,
    "CanCoverWithCargo": 1,
    "UseVirtualStorageForCoverCargo": 1,
    "VehicleAutoCoverTimeSeconds": 0.0,
    "VehicleAutoCoverRequireCamonet": 1,
    "EnableAutoCoveringDEVehicles": 0,
    "CFToolsHeliCoverIconName": "helicopter",
    "CFToolsBoatCoverIconName": "ship",
    "CFToolsCarCoverIconName": "car",
    "VehiclesConfig": [
        {
            "ClassName": "ExpansionUAZCargoRoofless",
            "CanPlayerAttach": 1,
            "LockComplexity": 1.0
        },
        {
            "ClassName": "ExpansionUAZ",
            "CanPlayerAttach": 0,
            "LockComplexity": 1.0
        },
        {
            "ClassName": "ExpansionBus",
            "CanPlayerAttach": 0,
            "LockComplexity": 1.5
        },
        {
            "ClassName": "ExpansionVodnik",
            "CanPlayerAttach": 0,
            "LockComplexity": 2.0
        },
        {
            "ClassName": "ExpansionUtilityBoat",
            "CanPlayerAttach": 1,
            "LockComplexity": 1.25
        },
        {
            "ClassName": "ExpansionZodiacBoat",
            "CanPlayerAttach": 1,
            "LockComplexity": 0.5
        },
        {
            "ClassName": "ExpansionLHD",
            "CanPlayerAttach": 0,
            "LockComplexity": 100.0
        },
        {
            "ClassName": "ExpansionMerlin",
            "CanPlayerAttach": 1,
            "LockComplexity": 4.0
        },
        {
            "ClassName": "ExpansionMh6",
            "CanPlayerAttach": 0,
            "LockComplexity": 3.0
        },
        {
            "ClassName": "ExpansionUh1h",
            "CanPlayerAttach": 0,
            "LockComplexity": 2.5
        }
    ]
}