<?xml version="1.0" encoding="UTF-8" standalone="yes"?>
<events>

    <!-- Vanilla Tweaks -->
    <event name="VehicleHatchback02">
        <nominal>0</nominal>
        <min>0</min>
        <max>0</max>
        <lifetime>300</lifetime>
        <restock>0</restock>
        <saferadius>500</saferadius>
        <distanceradius>500</distanceradius>
        <cleanupradius>200</cleanupradius>
        <flags deletable="0" init_random="0" remove_damaged="1"/>
        <position>fixed</position>
        <limit>mixed</limit>
        <active>0</active>
        <children>
            <child lootmax="0" lootmin="0" max="5" min="3" type="Hatchback_02_BanditKitty"/>
        </children>
    </event>
    <event name="VehicleTruck01">
        <nominal>0</nominal>
        <min>0</min>
        <max>0</max>
        <lifetime>300</lifetime>
        <restock>0</restock>
        <saferadius>500</saferadius>
        <distanceradius>500</distanceradius>
        <cleanupradius>200</cleanupradius>
        <flags deletable="0" init_random="0" remove_damaged="1"/>
        <position>fixed</position>
        <limit>mixed</limit>
        <active>0</active>
        <children>
            <child lootmax="0" lootmin="0" max="5" min="3" type="Truck_01_Covered_Black"/>
            <child lootmax="0" lootmin="0" max="5" min="3" type="Truck_01_Covered_Grey"/>
            <child lootmax="0" lootmin="0" max="5" min="3" type="Truck_01_Covered_Lime"/>
            <child lootmax="0" lootmin="0" max="5" min="3" type="Truck_01_Covered_Red"/>
            <child lootmax="0" lootmin="0" max="5" min="3" type="Truck_01_Covered_White"/>
            <child lootmax="0" lootmin="0" max="5" min="3" type="Truck_01_Covered_Wine"/>
            <child lootmax="0" lootmin="0" max="5" min="3" type="Truck_01_Covered_Yellow"/>
            <child lootmax="0" lootmin="0" max="5" min="3" type="Truck_01_Covered_YellowBright"/>
        </children>
    </event>
    <!-- Expansion content -->
    <!-- CARS -->
	<event name="VehicleUAZ">
        <nominal>5</nominal>
        <min>1</min>
        <max>5</max>
        <lifetime>300</lifetime>
        <restock>0</restock>
        <saferadius>500</saferadius>
        <distanceradius>500</distanceradius>
        <cleanupradius>200</cleanupradius>
        <flags deletable="0" init_random="0" remove_damaged="1"/>
        <position>fixed</position>
        <limit>mixed</limit>
        <active>1</active>
        <children>
            <child lootmax="0" lootmin="0" max="7" min="1" type="ExpansionUAZ"/>
            <child lootmax="0" lootmin="0" max="7" min="1" type="ExpansionUAZ_Black"/>
            <child lootmax="0" lootmin="0" max="7" min="1" type="ExpansionUAZ_LightGreen"/>
			<child lootmax="0" lootmin="0" max="7" min="1" type="ExpansionUAZRoofless"/>
            <child lootmax="0" lootmin="0" max="7" min="1" type="ExpansionUAZRoofless_Black"/>
            <child lootmax="0" lootmin="0" max="7" min="1" type="ExpansionUAZRoofless_LightGreen"/>
			<child lootmax="0" lootmin="0" max="7" min="1" type="ExpansionUAZCargo"/>
            <child lootmax="0" lootmin="0" max="7" min="1" type="ExpansionUAZCargo_Black"/>
            <child lootmax="0" lootmin="0" max="7" min="1" type="ExpansionUAZCargo_LightGreen"/>
			<child lootmax="0" lootmin="0" max="7" min="1" type="ExpansionUAZCargoRoofless"/>
            <child lootmax="0" lootmin="0" max="7" min="1" type="ExpansionUAZCargoRoofless_Black"/>
            <child lootmax="0" lootmin="0" max="7" min="1" type="ExpansionUAZCargoRoofless_LightGreen"/>
        </children>
    </event>
	<event name="VehicleVodnik">
        <nominal>0</nominal>
        <min>0</min>
        <max>0</max>
        <lifetime>300</lifetime>
        <restock>0</restock>
        <saferadius>500</saferadius>
        <distanceradius>500</distanceradius>
        <cleanupradius>200</cleanupradius>
        <flags deletable="0" init_random="0" remove_damaged="1"/>
        <position>fixed</position>
        <limit>mixed</limit>
        <active>0</active>
        <children>
            <child lootmax="0" lootmin="0" max="2" min="1" type="ExpansionVodnik"/>
        </children>
    </event>
	<event name="VehicleBus">
        <nominal>0</nominal>
        <min>0</min>
        <max>0</max>
        <lifetime>300</lifetime>
        <restock>0</restock>
        <saferadius>500</saferadius>
        <distanceradius>500</distanceradius>
        <cleanupradius>200</cleanupradius>
        <flags deletable="0" init_random="0" remove_damaged="1"/>
        <position>fixed</position>
        <limit>mixed</limit>
        <active>0</active>
        <children>
            <child lootmax="0" lootmin="0" max="5" min="1" type="ExpansionBus"/>
            <child lootmax="0" lootmin="0" max="5" min="1" type="ExpansionBus_Weeb"/>
            <child lootmax="0" lootmin="0" max="5" min="1" type="ExpansionBus_Red"/>
        </children>
    </event>
    <event name="VehicleTractor">
        <nominal>0</nominal>
        <min>0</min>
        <max>0</max>
        <lifetime>300</lifetime>
        <restock>0</restock>
        <saferadius>500</saferadius>
        <distanceradius>500</distanceradius>
        <cleanupradius>200</cleanupradius>
        <flags deletable="0" init_random="0" remove_damaged="1"/>
        <position>fixed</position>
        <limit>mixed</limit>
        <active>0</active>
        <children>
            <child lootmax="0" lootmin="0" max="5" min="1" type="ExpansionTractor"/>
            <child lootmax="0" lootmin="0" max="5" min="1" type="ExpansionTractor_Blue"/>
            <child lootmax="0" lootmin="0" max="5" min="1" type="ExpansionTractor_Green"/>
        </children>
    </event>
    <event name="VehicleLandrover">
        <nominal>5</nominal>
        <min>1</min>
        <max>7</max>
        <lifetime>300</lifetime>
        <restock>0</restock>
        <saferadius>500</saferadius>
        <distanceradius>500</distanceradius>
        <cleanupradius>200</cleanupradius>
        <flags deletable="0" init_random="0" remove_damaged="1"/>
        <position>fixed</position>
        <limit>mixed</limit>
        <active>1</active>
        <children>
            <child lootmax="0" lootmin="0" max="5" min="1" type="Expansion_Landrover"/>
			<child lootmax="0" lootmin="0" max="5" min="1" type="Expansion_Landrover_Yellow"/>
            <child lootmax="0" lootmin="0" max="5" min="1" type="Expansion_Landrover_Red"/>
            <child lootmax="0" lootmin="0" max="5" min="1" type="Expansion_Landrover_Green"/>
			<child lootmax="0" lootmin="0" max="5" min="1" type="Expansion_Landrover_Grey"/>
            <child lootmax="0" lootmin="0" max="5" min="1" type="Expansion_Landrover_Orange"/>
            <child lootmax="0" lootmin="0" max="5" min="1" type="Expansion_Landrover_Blue"/>
        </children>
    </event>
	<!-- HELICOPTERS -->
    <event name="VehicleHelicopters">
        <waves>0</waves>
        <nominal>0</nominal>
        <min>0</min>
        <max>0</max>
        <lifetime>300</lifetime>
        <restock>0</restock>
        <saferadius>200</saferadius>
        <distanceradius>50</distanceradius>
        <cleanupradius>200</cleanupradius>
        <flags deletable="0" init_random="0" remove_damaged="1" sec_spawner="0"/>
        <position>fixed</position>
        <limit>mixed</limit>
        <active>0</active>
        <children>
            <child lootmax="0" lootmin="0" max="1" min="0" type="ExpansionMh6"/>
            <child lootmax="0" lootmin="0" max="1" min="0" type="ExpansionMh6_Blueline"/>
            <child lootmax="0" lootmin="0" max="1" min="0" type="ExpansionMh6_Digital"/>
            <child lootmax="0" lootmin="0" max="1" min="0" type="ExpansionMh6_Elliptical"/>
            <child lootmax="0" lootmin="0" max="1" min="0" type="ExpansionMh6_Furious"/>
            <child lootmax="0" lootmin="0" max="1" min="0" type="ExpansionMh6_GrayWatcher"/>
            <child lootmax="0" lootmin="0" max="1" min="0" type="ExpansionMh6_Jeans"/>
            <child lootmax="0" lootmin="0" max="1" min="0" type="ExpansionMh6_Resistance"/>
            <child lootmax="0" lootmin="0" max="1" min="0" type="ExpansionMh6_Shadow"/>
            <child lootmax="0" lootmin="0" max="1" min="0" type="ExpansionMh6_Sheriff"/>
            <child lootmax="0" lootmin="0" max="1" min="0" type="ExpansionMh6_Speedy"/>
            <child lootmax="0" lootmin="0" max="1" min="0" type="ExpansionMh6_Sunset"/>
            <child lootmax="0" lootmin="0" max="1" min="0" type="ExpansionMh6_Vrana"/>
            <child lootmax="0" lootmin="0" max="1" min="0" type="ExpansionMh6_Wasp"/>
            <child lootmax="0" lootmin="0" max="1" min="0" type="ExpansionMh6_Wave"/>
            <child lootmax="0" lootmin="0" max="1" min="0" type="ExpansionMerlin"/>
            <child lootmax="0" lootmin="0" max="1" min="0" type="ExpansionMerlin_Dahoman"/>
            <child lootmax="0" lootmin="0" max="1" min="0" type="ExpansionMerlin_Ion"/>
            <child lootmax="0" lootmin="0" max="1" min="0" type="ExpansionMerlin_President"/>
            <child lootmax="0" lootmin="0" max="1" min="0" type="ExpansionMerlin_Vrana"/>
            <child lootmax="0" lootmin="0" max="1" min="0" type="ExpansionMerlin_Wave"/>
            <child lootmax="0" lootmin="0" max="1" min="0" type="ExpansionUh1h"/>
            <child lootmax="0" lootmin="0" max="1" min="0" type="ExpansionUh1h_Medical"/>
            <child lootmax="0" lootmin="0" max="1" min="0" type="ExpansionUh1h_Uber"/>
            <child lootmax="0" lootmin="0" max="1" min="0" type="ExpansionUh1h_Resistance"/>
            <child lootmax="0" lootmin="0" max="1" min="0" type="ExpansionGyrocopter"/>
        </children>
    </event>

    
</events>