{
    "m_Version": 12,
    "DisplayName": "#STR_EXPANSION_MARKET_CATEGORY_AMMOBOXES",
    "Icon": "Deliver",
    "Color": "FBFCFEFF",
    "IsExchange": 0,
    "InitStockPercent": 5.0,
    "Items": [
        {
            "ClassName": "ammobox_00buck_10rnd",
            "MaxPriceThreshold": 80,
            "MinPriceThreshold": 40,
            "SellPricePercent": -1.0,
            "MaxStockThreshold": 250,
            "MinStockThreshold": 1,
            "QuantityPercent": -1,
            "SpawnAttachments": [],
            "Variants": []
        },
        {
            "ClassName": "ammobox_12gaslug_10rnd",
            "MaxPriceThreshold": 80,
            "MinPriceThreshold": 40,
            "SellPricePercent": -1.0,
            "MaxStockThreshold": 250,
            "MinStockThreshold": 1,
            "QuantityPercent": -1,
            "SpawnAttachments": [],
            "Variants": []
        },
        {
            "ClassName": "ammobox_12garubberslug_10rnd",
            "MaxPriceThreshold": 64,
            "MinPriceThreshold": 32,
            "SellPricePercent": -1.0,
            "MaxStockThreshold": 250,
            "MinStockThreshold": 1,
            "QuantityPercent": -1,
            "SpawnAttachments": [],
            "Variants": []
        },
        {
            "ClassName": "ammobox_22_50rnd",
            "MaxPriceThreshold": 160,
            "MinPriceThreshold": 80,
            "SellPricePercent": -1.0,
            "MaxStockThreshold": 250,
            "MinStockThreshold": 1,
            "QuantityPercent": -1,
            "SpawnAttachments": [],
            "Variants": []
        },
        {
            "ClassName": "ammobox_308win_20rnd",
            "MaxPriceThreshold": 64,
            "MinPriceThreshold": 32,
            "SellPricePercent": -1.0,
            "MaxStockThreshold": 250,
            "MinStockThreshold": 1,
            "QuantityPercent": -1,
            "SpawnAttachments": [],
            "Variants": [
                "ammobox_308wintracer_20rnd"
            ]
        },
        {
            "ClassName": "ammobox_308wintracer_20rnd",
            "MaxPriceThreshold": 128,
            "MinPriceThreshold": 64,
            "SellPricePercent": -1.0,
            "MaxStockThreshold": 250,
            "MinStockThreshold": 1,
            "QuantityPercent": -1,
            "SpawnAttachments": [],
            "Variants": []
        },
        {
            "ClassName": "ammobox_357_20rnd",
            "MaxPriceThreshold": 64,
            "MinPriceThreshold": 32,
            "SellPricePercent": -1.0,
            "MaxStockThreshold": 250,
            "MinStockThreshold": 1,
            "QuantityPercent": -1,
            "SpawnAttachments": [],
            "Variants": []
        },
        {
            "ClassName": "ammobox_380_35rnd",
            "MaxPriceThreshold": 112,
            "MinPriceThreshold": 56,
            "SellPricePercent": -1.0,
            "MaxStockThreshold": 250,
            "MinStockThreshold": 1,
            "QuantityPercent": -1,
            "SpawnAttachments": [],
            "Variants": []
        },
        {
            "ClassName": "ammobox_45acp_25rnd",
            "MaxPriceThreshold": 80,
            "MinPriceThreshold": 40,
            "SellPricePercent": -1.0,
            "MaxStockThreshold": 250,
            "MinStockThreshold": 1,
            "QuantityPercent": -1,
            "SpawnAttachments": [],
            "Variants": []
        },
        {
            "ClassName": "ammobox_545x39_20rnd",
            "MaxPriceThreshold": 64,
            "MinPriceThreshold": 32,
            "SellPricePercent": -1.0,
            "MaxStockThreshold": 250,
            "MinStockThreshold": 1,
            "QuantityPercent": -1,
            "SpawnAttachments": [],
            "Variants": [
                "ammobox_545x39tracer_20rnd"
            ]
        },
        {
            "ClassName": "ammobox_545x39tracer_20rnd",
            "MaxPriceThreshold": 128,
            "MinPriceThreshold": 64,
            "SellPricePercent": -1.0,
            "MaxStockThreshold": 250,
            "MinStockThreshold": 1,
            "QuantityPercent": -1,
            "SpawnAttachments": [],
            "Variants": []
        },
        {
            "ClassName": "ammobox_556x45_20rnd",
            "MaxPriceThreshold": 64,
            "MinPriceThreshold": 32,
            "SellPricePercent": -1.0,
            "MaxStockThreshold": 250,
            "MinStockThreshold": 1,
            "QuantityPercent": -1,
            "SpawnAttachments": [],
            "Variants": [
                "ammobox_556x45tracer_20rnd"
            ]
        },
        {
            "ClassName": "ammobox_556x45tracer_20rnd",
            "MaxPriceThreshold": 128,
            "MinPriceThreshold": 64,
            "SellPricePercent": -1.0,
            "MaxStockThreshold": 250,
            "MinStockThreshold": 1,
            "QuantityPercent": -1,
            "SpawnAttachments": [],
            "Variants": []
        },
        {
            "ClassName": "ammobox_762x39_20rnd",
            "MaxPriceThreshold": 64,
            "MinPriceThreshold": 32,
            "SellPricePercent": -1.0,
            "MaxStockThreshold": 250,
            "MinStockThreshold": 1,
            "QuantityPercent": -1,
            "SpawnAttachments": [],
            "Variants": [
                "ammobox_762x39tracer_20rnd"
            ]
        },
        {
            "ClassName": "ammobox_762x39tracer_20rnd",
            "MaxPriceThreshold": 128,
            "MinPriceThreshold": 64,
            "SellPricePercent": -1.0,
            "MaxStockThreshold": 250,
            "MinStockThreshold": 1,
            "QuantityPercent": -1,
            "SpawnAttachments": [],
            "Variants": []
        },
        {
            "ClassName": "ammobox_762x54_20rnd",
            "MaxPriceThreshold": 64,
            "MinPriceThreshold": 32,
            "SellPricePercent": -1.0,
            "MaxStockThreshold": 250,
            "MinStockThreshold": 1,
            "QuantityPercent": -1,
            "SpawnAttachments": [],
            "Variants": [
                "ammobox_762x54tracer_20rnd"
            ]
        },
        {
            "ClassName": "ammobox_762x54tracer_20rnd",
            "MaxPriceThreshold": 128,
            "MinPriceThreshold": 64,
            "SellPricePercent": -1.0,
            "MaxStockThreshold": 250,
            "MinStockThreshold": 1,
            "QuantityPercent": -1,
            "SpawnAttachments": [],
            "Variants": []
        },
        {
            "ClassName": "ammobox_9x19_25rnd",
            "MaxPriceThreshold": 80,
            "MinPriceThreshold": 40,
            "SellPricePercent": -1.0,
            "MaxStockThreshold": 250,
            "MinStockThreshold": 1,
            "QuantityPercent": -1,
            "SpawnAttachments": [],
            "Variants": []
        },
        {
            "ClassName": "ammobox_9x39_20rnd",
            "MaxPriceThreshold": 32,
            "MinPriceThreshold": 16,
            "SellPricePercent": -1.0,
            "MaxStockThreshold": 250,
            "MinStockThreshold": 1,
            "QuantityPercent": -1,
            "SpawnAttachments": [],
            "Variants": [
                "ammobox_9x39ap_20rnd"
            ]
        },
        {
            "ClassName": "ammobox_9x39ap_20rnd",
            "MaxPriceThreshold": 128,
            "MinPriceThreshold": 64,
            "SellPricePercent": -1.0,
            "MaxStockThreshold": 250,
            "MinStockThreshold": 1,
            "QuantityPercent": -1,
            "SpawnAttachments": [],
            "Variants": []
        }
    ]
}