{
    "m_Version": 12,
    "DisplayName": "#STR_EXPANSION_MARKET_CATEGORY_BOOTS & #STR_EXPANSION_MARKET_CATEGORY_SHOES",
    "Icon": "Deliver",
    "Color": "FBFCFEFF",
    "IsExchange": 0,
    "InitStockPercent": 5.0,
    "Items": [
        {
            "ClassName": "combatboots_beige",
            "MaxPriceThreshold": 220,
            "MinPriceThreshold": 180,
            "SellPricePercent": -1.0,
            "MaxStockThreshold": 100,
            "MinStockThreshold": 1,
            "QuantityPercent": -1,
            "SpawnAttachments": [],
            "Variants": [
                "combatboots_black",
                "combatboots_brown",
                "combatboots_green",
                "combatboots_grey"
            ]
        },
        {
            "ClassName": "jungleboots_beige",
            "MaxPriceThreshold": 190,
            "MinPriceThreshold": 150,
            "SellPricePercent": -1.0,
            "MaxStockThreshold": 100,
            "MinStockThreshold": 1,
            "QuantityPercent": -1,
            "SpawnAttachments": [],
            "Variants": [
                "jungleboots_black",
                "jungleboots_brown",
                "jungleboots_green",
                "jungleboots_olive"
            ]
        },
        {
            "ClassName": "ttskoboots",
            "MaxPriceThreshold": 200,
            "MinPriceThreshold": 170,
            "SellPricePercent": -1.0,
            "MaxStockThreshold": 100,
            "MinStockThreshold": 1,
            "QuantityPercent": -1,
            "SpawnAttachments": [],
            "Variants": []
        },
        {
            "ClassName": "militaryboots_redpunk",
            "MaxPriceThreshold": 200,
            "MinPriceThreshold": 170,
            "SellPricePercent": -1.0,
            "MaxStockThreshold": 100,
            "MinStockThreshold": 1,
            "QuantityPercent": -1,
            "SpawnAttachments": [],
            "Variants": [
                "militaryboots_bluerock",
                "militaryboots_beige",
                "militaryboots_black",
                "militaryboots_brown"
            ]
        },
        {
            "ClassName": "militaryboots_bluerock",
            "MaxPriceThreshold": 210,
            "MinPriceThreshold": 190,
            "SellPricePercent": -1.0,
            "MaxStockThreshold": 100,
            "MinStockThreshold": 1,
            "QuantityPercent": -1,
            "SpawnAttachments": [],
            "Variants": []
        },
        {
            "ClassName": "militaryboots_beige",
            "MaxPriceThreshold": 220,
            "MinPriceThreshold": 210,
            "SellPricePercent": -1.0,
            "MaxStockThreshold": 100,
            "MinStockThreshold": 1,
            "QuantityPercent": -1,
            "SpawnAttachments": [],
            "Variants": []
        },
        {
            "ClassName": "militaryboots_black",
            "MaxPriceThreshold": 220,
            "MinPriceThreshold": 210,
            "SellPricePercent": -1.0,
            "MaxStockThreshold": 100,
            "MinStockThreshold": 1,
            "QuantityPercent": -1,
            "SpawnAttachments": [],
            "Variants": []
        },
        {
            "ClassName": "militaryboots_brown",
            "MaxPriceThreshold": 220,
            "MinPriceThreshold": 210,
            "SellPricePercent": -1.0,
            "MaxStockThreshold": 100,
            "MinStockThreshold": 1,
            "QuantityPercent": -1,
            "SpawnAttachments": [],
            "Variants": []
        }

    ]
}