{
    "m_Version": 12,
    "DisplayName": "BODY & TIRES",
    "Icon": "Deliver",
    "Color": "FBFCFEFF",
    "IsExchange": 0,
    "InitStockPercent": 100.0,
    "Items": [
        {
            "ClassName": "hatchbackhood",
            "MaxPriceThreshold": 600,
            "MinPriceThreshold": 300,
            "SellPricePercent": -1.0,
            "MaxStockThreshold": 1,
            "MinStockThreshold": 1,
            "QuantityPercent": -1,
            "SpawnAttachments": [],
            "Variants": [
                "hatchbackhood_blue",
                "hatchbackhood_white"
            ]
        },
        {
            "ClassName": "hatchbacktrunk",
            "MaxPriceThreshold": 760,
            "MinPriceThreshold": 380,
            "SellPricePercent": -1.0,
            "MaxStockThreshold": 1,
            "MinStockThreshold": 1,
            "QuantityPercent": -1,
            "SpawnAttachments": [],
            "Variants": [
                "hatchbacktrunk_blue",
                "hatchbacktrunk_white"
            ]
        },
        {
            "ClassName": "hatchbackdoors_driver",
            "MaxPriceThreshold": 900,
            "MinPriceThreshold": 450,
            "SellPricePercent": -1.0,
            "MaxStockThreshold": 1,
            "MinStockThreshold": 1,
            "QuantityPercent": -1,
            "SpawnAttachments": [],
            "Variants": [
                "hatchbackdoors_driver_blue",
                "hatchbackdoors_driver_white"
            ]
        },
        {
            "ClassName": "hatchbackdoors_codriver",
            "MaxPriceThreshold": 900,
            "MinPriceThreshold": 450,
            "SellPricePercent": -1.0,
            "MaxStockThreshold": 1,
            "MinStockThreshold": 1,
            "QuantityPercent": -1,
            "SpawnAttachments": [],
            "Variants": [
                "hatchbackdoors_codriver_blue",
                "hatchbackdoors_codriver_white"
            ]
        },
        {
            "ClassName": "hatchbackwheel",
            "MaxPriceThreshold": 1000,
            "MinPriceThreshold": 500,
            "SellPricePercent": -1.0,
            "MaxStockThreshold": 1,
            "MinStockThreshold": 1,
            "QuantityPercent": -1,
            "SpawnAttachments": [],
            "Variants": []
        },
        {
            "ClassName": "hatchback_02_hood",
            "MaxPriceThreshold": 600,
            "MinPriceThreshold": 300,
            "SellPricePercent": -1.0,
            "MaxStockThreshold": 1,
            "MinStockThreshold": 1,
            "QuantityPercent": -1,
            "SpawnAttachments": [],
            "Variants": [
                "hatchback_02_hood_black",
                "hatchback_02_hood_blue"
            ]
        },
        {
            "ClassName": "hatchback_02_trunk",
            "MaxPriceThreshold": 760,
            "MinPriceThreshold": 380,
            "SellPricePercent": -1.0,
            "MaxStockThreshold": 1,
            "MinStockThreshold": 1,
            "QuantityPercent": -1,
            "SpawnAttachments": [],
            "Variants": [
                "hatchback_02_trunk_black",
                "hatchback_02_trunk_blue"
            ]
        },
        {
            "ClassName": "hatchback_02_door_1_1",
            "MaxPriceThreshold": 900,
            "MinPriceThreshold": 450,
            "SellPricePercent": -1.0,
            "MaxStockThreshold": 1,
            "MinStockThreshold": 1,
            "QuantityPercent": -1,
            "SpawnAttachments": [],
            "Variants": [
                "hatchback_02_door_1_1_black",
                "hatchback_02_door_1_1_blue"
            ]
        },
        {
            "ClassName": "hatchback_02_door_1_2",
            "MaxPriceThreshold": 900,
            "MinPriceThreshold": 450,
            "SellPricePercent": -1.0,
            "MaxStockThreshold": 1,
            "MinStockThreshold": 1,
            "QuantityPercent": -1,
            "SpawnAttachments": [],
            "Variants": [
                "hatchback_02_door_1_2_black",
                "hatchback_02_door_1_2_blue"
            ]
        },
        {
            "ClassName": "hatchback_02_door_2_1",
            "MaxPriceThreshold": 900,
            "MinPriceThreshold": 450,
            "SellPricePercent": -1.0,
            "MaxStockThreshold": 1,
            "MinStockThreshold": 1,
            "QuantityPercent": -1,
            "SpawnAttachments": [],
            "Variants": [
                "hatchback_02_door_2_1_black",
                "hatchback_02_door_2_1_blue"
            ]
        },
        {
            "ClassName": "hatchback_02_door_2_2",
            "MaxPriceThreshold": 900,
            "MinPriceThreshold": 450,
            "SellPricePercent": -1.0,
            "MaxStockThreshold": 1,
            "MinStockThreshold": 1,
            "QuantityPercent": -1,
            "SpawnAttachments": [],
            "Variants": [
                "hatchback_02_door_2_2_black",
                "hatchback_02_door_2_2_blue"
            ]
        },
        {
            "ClassName": "hatchback_02_wheel",
            "MaxPriceThreshold": 1000,
            "MinPriceThreshold": 500,
            "SellPricePercent": -1.0,
            "MaxStockThreshold": 1,
            "MinStockThreshold": 1,
            "QuantityPercent": -1,
            "SpawnAttachments": [],
            "Variants": []
        },
        {
            "ClassName": "civsedanhood",
            "MaxPriceThreshold": 800,
            "MinPriceThreshold": 400,
            "SellPricePercent": -1.0,
            "MaxStockThreshold": 1,
            "MinStockThreshold": 1,
            "QuantityPercent": -1,
            "SpawnAttachments": [],
            "Variants": [
                "civsedanhood_wine",
                "civsedanhood_black"
            ]
        },
        {
            "ClassName": "civsedantrunk",
            "MaxPriceThreshold": 900,
            "MinPriceThreshold": 450,
            "SellPricePercent": -1.0,
            "MaxStockThreshold": 1,
            "MinStockThreshold": 1,
            "QuantityPercent": -1,
            "SpawnAttachments": [],
            "Variants": [
                "civsedantrunk_wine",
                "civsedantrunk_black"
            ]
        },
        {
            "ClassName": "civsedandoors_driver",
            "MaxPriceThreshold": 1000,
            "MinPriceThreshold": 500,
            "SellPricePercent": -1.0,
            "MaxStockThreshold": 1,
            "MinStockThreshold": 1,
            "QuantityPercent": -1,
            "SpawnAttachments": [],
            "Variants": [
                "civsedandoors_driver_wine",
                "civsedandoors_driver_black"
            ]
        },
        {
            "ClassName": "civsedandoors_codriver",
            "MaxPriceThreshold": 1000,
            "MinPriceThreshold": 500,
            "SellPricePercent": -1.0,
            "MaxStockThreshold": 1,
            "MinStockThreshold": 1,
            "QuantityPercent": -1,
            "SpawnAttachments": [],
            "Variants": [
                "civsedandoors_codriver_wine",
                "civsedandoors_codriver_black"
            ]
        },
        {
            "ClassName": "civsedandoors_backleft",
            "MaxPriceThreshold": 1000,
            "MinPriceThreshold": 500,
            "SellPricePercent": -1.0,
            "MaxStockThreshold": 1,
            "MinStockThreshold": 1,
            "QuantityPercent": -1,
            "SpawnAttachments": [],
            "Variants": [
                "civsedandoors_backleft_wine",
                "civsedandoors_backleft_black"
            ]
        },
        {
            "ClassName": "civsedandoors_backright",
            "MaxPriceThreshold": 1000,
            "MinPriceThreshold": 500,
            "SellPricePercent": -1.0,
            "MaxStockThreshold": 1,
            "MinStockThreshold": 1,
            "QuantityPercent": -1,
            "SpawnAttachments": [],
            "Variants": [
                "civsedandoors_backright_wine",
                "civsedandoors_backright_black"
            ]
        },
        {
            "ClassName": "civsedanwheel",
            "MaxPriceThreshold": 1200,
            "MinPriceThreshold": 600,
            "SellPricePercent": -1.0,
            "MaxStockThreshold": 1,
            "MinStockThreshold": 1,
            "QuantityPercent": -1,
            "SpawnAttachments": [],
            "Variants": []
        },
        {
            "ClassName": "sedan_02_hood",
            "MaxPriceThreshold": 600,
            "MinPriceThreshold": 300,
            "SellPricePercent": -1.0,
            "MaxStockThreshold": 1,
            "MinStockThreshold": 1,
            "QuantityPercent": -1,
            "SpawnAttachments": [],
            "Variants": [
                "sedan_02_hood_red",
                "sedan_02_hood_grey"
            ]
        },
        {
            "ClassName": "sedan_02_trunk",
            "MaxPriceThreshold": 900,
            "MinPriceThreshold": 450,
            "SellPricePercent": -1.0,
            "MaxStockThreshold": 1,
            "MinStockThreshold": 1,
            "QuantityPercent": -1,
            "SpawnAttachments": [],
            "Variants": [
                "sedan_02_trunk_red",
                "sedan_02_trunk_grey"
            ]
        },
        {
            "ClassName": "sedan_02_door_1_1",
            "MaxPriceThreshold": 900,
            "MinPriceThreshold": 450,
            "SellPricePercent": -1.0,
            "MaxStockThreshold": 1,
            "MinStockThreshold": 1,
            "QuantityPercent": -1,
            "SpawnAttachments": [],
            "Variants": [
                "sedan_02_door_1_1_red",
                "sedan_02_door_1_1_grey"
            ]
        },
        {
            "ClassName": "sedan_02_door_1_2",
            "MaxPriceThreshold": 900,
            "MinPriceThreshold": 450,
            "SellPricePercent": -1.0,
            "MaxStockThreshold": 1,
            "MinStockThreshold": 1,
            "QuantityPercent": -1,
            "SpawnAttachments": [],
            "Variants": [
                "sedan_02_door_1_2_red",
                "sedan_02_door_1_2_grey"
            ]
        },
        {
            "ClassName": "sedan_02_door_2_1",
            "MaxPriceThreshold": 900,
            "MinPriceThreshold": 450,
            "SellPricePercent": -1.0,
            "MaxStockThreshold": 1,
            "MinStockThreshold": 1,
            "QuantityPercent": -1,
            "SpawnAttachments": [],
            "Variants": [
                "sedan_02_door_2_1_red",
                "sedan_02_door_2_1_grey"
            ]
        },
        {
            "ClassName": "sedan_02_door_2_2",
            "MaxPriceThreshold": 900,
            "MinPriceThreshold": 450,
            "SellPricePercent": -1.0,
            "MaxStockThreshold": 1,
            "MinStockThreshold": 1,
            "QuantityPercent": -1,
            "SpawnAttachments": [],
            "Variants": [
                "sedan_02_door_2_2_red",
                "sedan_02_door_2_2_grey"
            ]
        },
        {
            "ClassName": "sedan_02_wheel",
            "MaxPriceThreshold": 1000,
            "MinPriceThreshold": 500,
            "SellPricePercent": -1.0,
            "MaxStockThreshold": 1,
            "MinStockThreshold": 1,
            "QuantityPercent": -1,
            "SpawnAttachments": [],
            "Variants": []
        },
        {
            "ClassName": "truck_01_hood",
            "MaxPriceThreshold": 800,
            "MinPriceThreshold": 400,
            "SellPricePercent": -1.0,
            "MaxStockThreshold": 1,
            "MinStockThreshold": 1,
            "QuantityPercent": -1,
            "SpawnAttachments": [],
            "Variants": [
                "truck_01_hood_blue",
                "truck_01_hood_orange"
            ]
        },
        {
            "ClassName": "truck_01_door_1_1",
            "MaxPriceThreshold": 1000,
            "MinPriceThreshold": 500,
            "SellPricePercent": -1.0,
            "MaxStockThreshold": 1,
            "MinStockThreshold": 1,
            "QuantityPercent": -1,
            "SpawnAttachments": [],
            "Variants": [
                "truck_01_door_1_1_blue",
                "truck_01_door_1_1_orange"
            ]
        },
        {
            "ClassName": "truck_01_door_2_1",
            "MaxPriceThreshold": 1000,
            "MinPriceThreshold": 500,
            "SellPricePercent": -1.0,
            "MaxStockThreshold": 1,
            "MinStockThreshold": 1,
            "QuantityPercent": -1,
            "SpawnAttachments": [],
            "Variants": [
                "truck_01_door_2_1_blue",
                "truck_01_door_2_1_orange"
            ]
        },
        {
            "ClassName": "truck_01_wheel",
            "MaxPriceThreshold": 1200,
            "MinPriceThreshold": 600,
            "SellPricePercent": -1.0,
            "MaxStockThreshold": 1,
            "MinStockThreshold": 1,
            "QuantityPercent": -1,
            "SpawnAttachments": [],
            "Variants": []
        },
        {
            "ClassName": "truck_01_wheeldouble",
            "MaxPriceThreshold": 2000,
            "MinPriceThreshold": 1000,
            "SellPricePercent": -1.0,
            "MaxStockThreshold": 1,
            "MinStockThreshold": 1,
            "QuantityPercent": -1,
            "SpawnAttachments": [],
            "Variants": []
        },
        {
            "ClassName": "offroad_02_hood",
            "MaxPriceThreshold": 600,
            "MinPriceThreshold": 300,
            "SellPricePercent": -1.0,
            "MaxStockThreshold": 1,
            "MinStockThreshold": 1,
            "QuantityPercent": -1,
            "SpawnAttachments": [],
            "Variants": []
        },
        {
            "ClassName": "offroad_02_trunk",
            "MaxPriceThreshold": 760,
            "MinPriceThreshold": 380,
            "SellPricePercent": -1.0,
            "MaxStockThreshold": 1,
            "MinStockThreshold": 1,
            "QuantityPercent": -1,
            "SpawnAttachments": [],
            "Variants": []
        },
        {
            "ClassName": "offroad_02_door_1_1",
            "MaxPriceThreshold": 900,
            "MinPriceThreshold": 450,
            "SellPricePercent": -1.0,
            "MaxStockThreshold": 1,
            "MinStockThreshold": 1,
            "QuantityPercent": -1,
            "SpawnAttachments": [],
            "Variants": []
        },
        {
            "ClassName": "offroad_02_door_1_2",
            "MaxPriceThreshold": 900,
            "MinPriceThreshold": 450,
            "SellPricePercent": -1.0,
            "MaxStockThreshold": 1,
            "MinStockThreshold": 1,
            "QuantityPercent": -1,
            "SpawnAttachments": [],
            "Variants": []
        },
        {
            "ClassName": "offroad_02_door_2_1",
            "MaxPriceThreshold": 900,
            "MinPriceThreshold": 450,
            "SellPricePercent": -1.0,
            "MaxStockThreshold": 1,
            "MinStockThreshold": 1,
            "QuantityPercent": -1,
            "SpawnAttachments": [],
            "Variants": []
        },
        {
            "ClassName": "offroad_02_door_2_2",
            "MaxPriceThreshold": 900,
            "MinPriceThreshold": 450,
            "SellPricePercent": -1.0,
            "MaxStockThreshold": 1,
            "MinStockThreshold": 1,
            "QuantityPercent": -1,
            "SpawnAttachments": [],
            "Variants": []
        },
        {
            "ClassName": "offroad_02_wheel",
            "MaxPriceThreshold": 1000,
            "MinPriceThreshold": 500,
            "SellPricePercent": -1.0,
            "MaxStockThreshold": 1,
            "MinStockThreshold": 1,
            "QuantityPercent": -1,
            "SpawnAttachments": [],
            "Variants": []
        },
        {
            "ClassName": "expansionuazdoorhood",
            "MaxPriceThreshold": 800,
            "MinPriceThreshold": 400,
            "SellPricePercent": -1.0,
            "MaxStockThreshold": 1,
            "MinStockThreshold": 1,
            "QuantityPercent": -1,
            "SpawnAttachments": [],
            "Variants": []
        },
        {
            "ClassName": "expansionuazdoordriver",
            "MaxPriceThreshold": 1000,
            "MinPriceThreshold": 500,
            "SellPricePercent": -1.0,
            "MaxStockThreshold": 1,
            "MinStockThreshold": 1,
            "QuantityPercent": -1,
            "SpawnAttachments": [],
            "Variants": []
        },
        {
            "ClassName": "expansionuazdoorcodriver",
            "MaxPriceThreshold": 1000,
            "MinPriceThreshold": 500,
            "SellPricePercent": -1.0,
            "MaxStockThreshold": 1,
            "MinStockThreshold": 1,
            "QuantityPercent": -1,
            "SpawnAttachments": [],
            "Variants": []
        },
        {
            "ClassName": "expansionuazdoorcargo1",
            "MaxPriceThreshold": 1000,
            "MinPriceThreshold": 500,
            "SellPricePercent": -1.0,
            "MaxStockThreshold": 1,
            "MinStockThreshold": 1,
            "QuantityPercent": -1,
            "SpawnAttachments": [],
            "Variants": []
        },
        {
            "ClassName": "expansionuazdoorcargo2",
            "MaxPriceThreshold": 1000,
            "MinPriceThreshold": 500,
            "SellPricePercent": -1.0,
            "MaxStockThreshold": 1,
            "MinStockThreshold": 1,
            "QuantityPercent": -1,
            "SpawnAttachments": [],
            "Variants": []
        },
        {
            "ClassName": "expansionuazwheel",
            "MaxPriceThreshold": 1200,
            "MinPriceThreshold": 600,
            "SellPricePercent": -1.0,
            "MaxStockThreshold": 1,
            "MinStockThreshold": 1,
            "QuantityPercent": -1,
            "SpawnAttachments": [],
            "Variants": []
        },
        {
            "ClassName": "expansion_landrover_hood",
            "MaxPriceThreshold": 800,
            "MinPriceThreshold": 400,
            "SellPricePercent": -1.0,
            "MaxStockThreshold": 1,
            "MinStockThreshold": 1,
            "QuantityPercent": -1,
            "SpawnAttachments": [],
            "Variants": []
        },
        {
            "ClassName": "expansion_landrover_driverdoor",
            "MaxPriceThreshold": 1000,
            "MinPriceThreshold": 500,
            "SellPricePercent": -1.0,
            "MaxStockThreshold": 1,
            "MinStockThreshold": 1,
            "QuantityPercent": -1,
            "SpawnAttachments": [],
            "Variants": []
        },
        {
            "ClassName": "expansion_landrover_codriverdoor",
            "MaxPriceThreshold": 1000,
            "MinPriceThreshold": 500,
            "SellPricePercent": -1.0,
            "MaxStockThreshold": 1,
            "MinStockThreshold": 1,
            "QuantityPercent": -1,
            "SpawnAttachments": [],
            "Variants": []
        },
        {
            "ClassName": "expansion_landrover_left",
            "MaxPriceThreshold": 1000,
            "MinPriceThreshold": 500,
            "SellPricePercent": -1.0,
            "MaxStockThreshold": 1,
            "MinStockThreshold": 1,
            "QuantityPercent": -1,
            "SpawnAttachments": [],
            "Variants": []
        },
        {
            "ClassName": "expansion_landrover_right",
            "MaxPriceThreshold": 1000,
            "MinPriceThreshold": 500,
            "SellPricePercent": -1.0,
            "MaxStockThreshold": 1,
            "MinStockThreshold": 1,
            "QuantityPercent": -1,
            "SpawnAttachments": [],
            "Variants": []
        },
        {
            "ClassName": "expansion_landrover_trunk",
            "MaxPriceThreshold": 800,
            "MinPriceThreshold": 400,
            "SellPricePercent": -1.0,
            "MaxStockThreshold": 1,
            "MinStockThreshold": 1,
            "QuantityPercent": -1,
            "SpawnAttachments": [],
            "Variants": []
        },
        {
            "ClassName": "expansion_landrover_wheel",
            "MaxPriceThreshold": 1200,
            "MinPriceThreshold": 600,
            "SellPricePercent": -1.0,
            "MaxStockThreshold": 1,
            "MinStockThreshold": 1,
            "QuantityPercent": -1,
            "SpawnAttachments": [],
            "Variants": []
        }
    ]
}