{
    "m_Version": 12,
    "DisplayName": "cars",
    "Icon": "Deliver",
    "Color": "FBFCFEFF",
    "IsExchange": 0,
    "InitStockPercent": 75.0,
    "Items": [
        		{
            "ClassName": "truck_01_covered",
            "MaxPriceThreshold": 90000,
            "MinPriceThreshold": 90000,
            "SellPricePercent": 0.05,
            "MaxStockThreshold": 10,
            "MinStockThreshold": 1,
            "QuantityPercent": -1,
            "SpawnAttachments": [
                "truck_01_wheel",
                "truck_01_wheel",
                "truck_01_wheel",
                "truck_01_wheel",
                "truck_01_wheeldouble",
                "truck_01_wheeldouble",
                "truck_01_wheeldouble",
                "truck_01_wheeldouble",
                "truckbattery",
                "truck_01_hood",
                "truck_01_door_1_1",
                "truck_01_door_2_1",
                "headlighth7",
                "headlighth7"
            ],
            "Variants": []
        },
		{
            "ClassName": "offroadhatchback",
            "MaxPriceThreshold": 50000,
            "MinPriceThreshold": 50000,
            "SellPricePercent": 0.07,
            "MaxStockThreshold": 4,
            "MinStockThreshold": 1,
            "QuantityPercent": -1,
            "SpawnAttachments": [
                "hatchbackwheel",
				"hatchbackwheel",
                "hatchbackwheel",
                "hatchbackwheel",
                "hatchbackwheel",
                "carbattery",
                "carradiator",
                "sparkplug",
                "hatchbackhood",
                "hatchbacktrunk",
                "hatchbackdoors_driver",
                "hatchbackdoors_codriver",
                "headlighth7",
                "headlighth7"
            ],
            "Variants": []
        },
        {
            "ClassName": "hatchback_02",
            "MaxPriceThreshold": 60000,
            "MinPriceThreshold": 60000,
            "SellPricePercent": 0.05,
            "MaxStockThreshold": 5,
            "MinStockThreshold": 1,
            "QuantityPercent": -1,
            "SpawnAttachments": [
                "hatchback_02_wheel",
				"hatchback_02_wheel",
                "hatchback_02_wheel",
                "hatchback_02_wheel",
                "hatchback_02_wheel",
                "hatchback_02_door_1_1",
                "hatchback_02_door_2_1",
                "hatchback_02_door_1_2",
                "hatchback_02_door_2_2",
                "hatchback_02_hood",
                "hatchback_02_trunk",
                "carbattery",
                "carradiator",
                "sparkplug",
                "headlighth7",
                "headlighth7"
            ],
            "Variants": []
        },
        {
            "ClassName": "sedan_02",
            "MaxPriceThreshold": 60000,
            "MinPriceThreshold": 60000,
            "SellPricePercent": 0.05,
            "MaxStockThreshold": 5,
            "MinStockThreshold": 1,
            "QuantityPercent": -1,
            "SpawnAttachments": [
                "sedan_02_wheel",
				"sedan_02_wheel",
                "sedan_02_wheel",
                "sedan_02_wheel",
                "sedan_02_wheel",
                "carbattery",
                "carradiator",
                "sparkplug",
                "sedan_02_hood",
                "sedan_02_trunk",
                "sedan_02_door_1_1",
                "sedan_02_door_2_1",
                "sedan_02_door_1_2",
                "sedan_02_door_2_2",
                "headlighth7",
                "headlighth7"
            ],
            "Variants": []
        },
        {
            "ClassName": "civiliansedan",
            "MaxPriceThreshold": 40000,
            "MinPriceThreshold": 40000,
            "SellPricePercent": 0.8,
            "MaxStockThreshold": 4,
            "MinStockThreshold": 1,
            "QuantityPercent": -1,
            "SpawnAttachments": [
                "civsedanwheel",
				"civsedanwheel",
                "civsedanwheel",
                "civsedanwheel",
                "civsedanwheel",
                "carbattery",
                "carradiator",
                "sparkplug",
                "civsedanhood",
                "civsedantrunk",
                "civsedandoors_driver",
                "civsedandoors_codriver",
                "civsedandoors_backleft",
                "civsedandoors_backright",
                "headlighth7",
                "headlighth7"
            ],
            "Variants": []
        },
		        {
            "ClassName": "offroad_02",
            "MaxPriceThreshold": 70000,
            "MinPriceThreshold": 70000,
            "SellPricePercent": 0.05,
            "MaxStockThreshold": 7,
            "MinStockThreshold": 1,
            "QuantityPercent": -1,
            "SpawnAttachments": [
                "offroad_02_wheel",
                "offroad_02_wheel",
                "offroad_02_wheel",
                "offroad_02_wheel",
                "offroad_02_wheel",
                "offroad_02_door_1_1",
                "offroad_02_door_2_1",
                "offroad_02_door_1_2",
                "offroad_02_door_2_2",
                "offroad_02_hood",
                "offroad_02_trunk",
                "carbattery",
                "glowplug",
                "headlighth7",
                "headlighth7"
            ],
            "Variants": []
        },
		{
            "ClassName": "expansionuaz",
            "MaxPriceThreshold": 70000,
            "MinPriceThreshold": 70000,
            "SellPricePercent": 0.05,
            "MaxStockThreshold": 7,
            "MinStockThreshold": 1,
            "QuantityPercent": -1,
            "SpawnAttachments": [
                "expansionuazwheel",
				"expansionuazwheel",
                "expansionuazwheel",
                "expansionuazwheel",
                "expansionuazwheel",
                "carbattery",
                "carradiator",
                "sparkplug",
                "expansionuazdoorhood",
                "expansionuazdoordriver",
                "expansionuazdoorcodriver",
                "expansionuazdoorcargo1",
                "expansionuazdoorcargo2",
                "headlighth7",
                "headlighth7"
            ],
            "Variants": [
                "expansionuazroofless",
                "expansionuazcargo",
                "expansionuazcargoroofless"
            ]
        },
        {
            "ClassName": "expansion_landrover",
            "MaxPriceThreshold": 90000,
            "MinPriceThreshold": 90000,
            "SellPricePercent": 0.05,
            "MaxStockThreshold": 7,
            "MinStockThreshold": 1,
            "QuantityPercent": -1,
            "SpawnAttachments": [
                "expansion_landrover_hood",
                "expansion_landrover_driverdoor",
                "expansion_landrover_codriverdoor",
                "expansion_landrover_left",
                "expansion_landrover_right",
                "expansion_landrover_trunk",
                "carbattery",
                "carradiator",
                "sparkplug",
                "headlighth7",
                "headlighth7",
                "expansion_landrover_wheel",
                "expansion_landrover_wheel",
                "expansion_landrover_wheel",
                "expansion_landrover_wheel",
                "expansion_landrover_wheel"
            ],
            "Variants": []
        }
    ]
}