{
    "m_Version": 12,
    "DisplayName": "#STR_EXPANSION_MARKET_CATEGORY_EXPLOSIVES & #STR_EXPANSION_MARKET_CATEGORY_GRENADES",
    "Icon": "Deliver",
    "Color": "FBFCFEFF",
    "IsExchange": 0,
    "InitStockPercent": 5.0,
    "Items": [
        {
            "ClassName": "Expansion_M79",
            "MaxPriceThreshold": 5000,
            "MinPriceThreshold": 5000,
            "SellPricePercent": -1.0,
            "MaxStockThreshold": 1,
            "MinStockThreshold": 1,
            "QuantityPercent": -1,
            "SpawnAttachments": [],
            "Variants": []
        },
		{
            "ClassName": "ammo_40mm_explosive",
            "MaxPriceThreshold": 10000,
            "MinPriceThreshold": 10000,
            "SellPricePercent": -1.0,
            "MaxStockThreshold": 1,
            "MinStockThreshold": 1,
            "QuantityPercent": -1,
            "SpawnAttachments": [],
            "Variants": [
                "ammo_40mm_chemgas",
                "ammo_40mm_smoke_black",
                "ammo_40mm_smoke_green",
                "ammo_40mm_smoke_white",
                "ammo_40mm_smoke_red"
            ]
        },
		{
            "ClassName": "rgd5grenade",
            "MaxPriceThreshold": 9000,
            "MinPriceThreshold": 9000,
            "SellPricePercent": -1.0,
            "MaxStockThreshold": 100,
            "MinStockThreshold": 1,
            "QuantityPercent": -1,
            "SpawnAttachments": [],
            "Variants": []
        },
        {
            "ClassName": "m67grenade",
            "MaxPriceThreshold": 9000,
            "MinPriceThreshold": 9000,
            "SellPricePercent": -1.0,
            "MaxStockThreshold": 100,
            "MinStockThreshold": 1,
            "QuantityPercent": -1,
            "SpawnAttachments": [],
            "Variants": []
        },
        {
            "ClassName": "flashgrenade",
            "MaxPriceThreshold": 500,
            "MinPriceThreshold": 500,
            "SellPricePercent": -1.0,
            "MaxStockThreshold": 100,
            "MinStockThreshold": 1,
            "QuantityPercent": -1,
            "SpawnAttachments": [],
            "Variants": []
        },
        {
            "ClassName": "remotedetonator",
            "MaxPriceThreshold": 3000,
            "MinPriceThreshold": 3000,
            "SellPricePercent": -1.0,
            "MaxStockThreshold": 100,
            "MinStockThreshold": 1,
            "QuantityPercent": -1,
            "SpawnAttachments": [],
            "Variants": []
        },
        {
            "ClassName": "remotedetonatortrigger",
            "MaxPriceThreshold": 3000,
            "MinPriceThreshold": 3000,
            "SellPricePercent": -1.0,
            "MaxStockThreshold": 100,
            "MinStockThreshold": 1,
            "QuantityPercent": -1,
            "SpawnAttachments": [],
            "Variants": []
        },
        {
            "ClassName": "improvisedexplosive",
            "MaxPriceThreshold": 50000,
            "MinPriceThreshold": 50000,
            "SellPricePercent": -1.0,
            "MaxStockThreshold": 100,
            "MinStockThreshold": 1,
            "QuantityPercent": -1,
            "SpawnAttachments": [],
            "Variants": []
        },
        {
            "ClassName": "plastic_explosive",
            "MaxPriceThreshold": 50000,
            "MinPriceThreshold": 50000,
            "SellPricePercent": -1.0,
            "MaxStockThreshold": 100,
            "MinStockThreshold": 1,
            "QuantityPercent": -1,
            "SpawnAttachments": [],
            "Variants": []
        },
        {
            "ClassName": "grenade_chemgas",
            "MaxPriceThreshold": 30000,
            "MinPriceThreshold": 30000,
            "SellPricePercent": -1.0,
            "MaxStockThreshold": 100,
            "MinStockThreshold": 1,
            "QuantityPercent": -1,
            "SpawnAttachments": [],
            "Variants": []
        },
        {
            "ClassName": "expansionsatchel",
            "MaxPriceThreshold": 50000,
            "MinPriceThreshold": 50000,
            "SellPricePercent": -1.0,
            "MaxStockThreshold": 100,
            "MinStockThreshold": 1,
            "QuantityPercent": -1,
            "SpawnAttachments": [],
            "Variants": []
        },
		{
            "ClassName": "ClaymoreMine",
            "MaxPriceThreshold": 50000,
            "MinPriceThreshold": 50000,
            "SellPricePercent": -1.0,
            "MaxStockThreshold": 100,
            "MinStockThreshold": 1,
            "QuantityPercent": -1,
            "SpawnAttachments": [],
            "Variants": []
        },
		{
            "ClassName": "LandMineTrap",
            "MaxPriceThreshold": 5000,
            "MinPriceThreshold": 5000,
            "SellPricePercent": -1.0,
            "MaxStockThreshold": 100,
            "MinStockThreshold": 1,
            "QuantityPercent": -1,
            "SpawnAttachments": [],
            "Variants": []
        }
    ]
}