{
    "m_Version": 12,
    "DisplayName": "#STR_EXPANSION_MARKET_CATEGORY_HELICOPTER",
    "Icon": "Deliver",
    "Color": "FBFCFEFF",
    "IsExchange": 0,
    "InitStockPercent": 75.0,
    "Items": [
        {
            "ClassName": "expansiongyrocopter",
            "MaxPriceThreshold": 60000,
            "MinPriceThreshold": 60000,
            "SellPricePercent": -1.0,
            "MaxStockThreshold": 10,
            "MinStockThreshold": 1,
            "QuantityPercent": -1,
            "SpawnAttachments": [
                "expansionhelicopterbattery",
                "sparkplug"
            ],
            "Variants": []
        },
        {
            "ClassName": "expansionmh6",
            "MaxPriceThreshold": 190000,
            "MinPriceThreshold": 190000,
            "SellPricePercent": -1.0,
            "MaxStockThreshold": 10,
            "MinStockThreshold": 1,
            "QuantityPercent": -1,
            "SpawnAttachments": [
                "expansionhelicopterbattery",
                "expansionigniterplug",
                "expansionhydraulichoses",
                "headlighth7",
                "expansion_mh6_door_1_1",
                "expansion_mh6_door_1_2",
                "expansion_mh6_door_2_1",
                "expansion_mh6_door_2_2"
            ],
            "Variants": []
        },
        {
            "ClassName": "expansionuh1h",
            "MaxPriceThreshold": 290000,
            "MinPriceThreshold": 290000,
            "SellPricePercent": -1.0,
            "MaxStockThreshold": 10,
            "MinStockThreshold": 1,
            "QuantityPercent": -1,
            "SpawnAttachments": [
                "expansionhelicopterbattery",
                "expansionigniterplug",
                "expansionhydraulichoses",
                "headlighth7",
                "expansionuh1hdoor_1_1",
                "expansionuh1hdoor_1_2",
                "expansionuh1hdoor_2_1",
                "expansionuh1hdoor_2_2"
            ],
            "Variants": []
        }
    ]
}