{
    "m_Version": 12,
    "DisplayName": "#STR_EXPANSION_MARKET_CATEGORY_LIGHTS",
    "Icon": "Deliver",
    "Color": "FBFCFEFF",
    "IsExchange": 0,
    "InitStockPercent": 1.0,
    "Items": [
		{
            "ClassName": "chemlight_blue",
            "MaxPriceThreshold": 40,
            "MinPriceThreshold": 20,
            "SellPricePercent": -1.0,
            "MaxStockThreshold": 100,
            "MinStockThreshold": 1,
            "QuantityPercent": -1,
            "SpawnAttachments": [],
            "Variants": [
                "chemlight_green",
                "chemlight_red",
                "chemlight_white",
                "chemlight_yellow"
            ]
        },
        {
            "ClassName": "roadflare",
            "MaxPriceThreshold": 80,
            "MinPriceThreshold": 40,
            "SellPricePercent": -1.0,
            "MaxStockThreshold": 100,
            "MinStockThreshold": 1,
            "QuantityPercent": -1,
            "SpawnAttachments": [],
            "Variants": []
        },
        {
            "ClassName": "matchbox",
            "MaxPriceThreshold": 120,
            "MinPriceThreshold": 60,
            "SellPricePercent": -1.0,
            "MaxStockThreshold": 100,
            "MinStockThreshold": 1,
            "QuantityPercent": -1,
            "SpawnAttachments": [],
            "Variants": []
        },
        {
            "ClassName": "fireworkslauncher",
            "MaxPriceThreshold": 1000,
            "MinPriceThreshold": 800,
            "SellPricePercent": -1.0,
            "MaxStockThreshold": 100,
            "MinStockThreshold": 1,
            "QuantityPercent": -1,
            "SpawnAttachments": [],
            "Variants": []
        },
        {
            "ClassName": "petrollighter",
            "MaxPriceThreshold": 160,
            "MinPriceThreshold": 80,
            "SellPricePercent": -1.0,
            "MaxStockThreshold": 100,
            "MinStockThreshold": 1,
            "QuantityPercent": -1,
            "SpawnAttachments": [],
            "Variants": []
        },
        {
            "ClassName": "flashlight",
            "MaxPriceThreshold": 300,
            "MinPriceThreshold": 150,
            "SellPricePercent": -1.0,
            "MaxStockThreshold": 100,
            "MinStockThreshold": 1,
            "QuantityPercent": -1,
            "SpawnAttachments": [
                "battery9v"
            ],
            "Variants": []
        },
        {
            "ClassName": "xmaslights",
            "MaxPriceThreshold": 500,
            "MinPriceThreshold": 250,
            "SellPricePercent": -1.0,
            "MaxStockThreshold": 100,
            "MinStockThreshold": 1,
            "QuantityPercent": -1,
            "SpawnAttachments": [],
            "Variants": []
        },
        {
            "ClassName": "portablegaslamp",
            "MaxPriceThreshold": 500,
            "MinPriceThreshold": 250,
            "SellPricePercent": -1.0,
            "MaxStockThreshold": 100,
            "MinStockThreshold": 1,
            "QuantityPercent": -1,
            "SpawnAttachments": [
                "mediumgascanister"
            ],
            "Variants": []
        },
        {
            "ClassName": "portablegasstove",
            "MaxPriceThreshold": 600,
            "MinPriceThreshold": 300,
            "SellPricePercent": -1.0,
            "MaxStockThreshold": 100,
            "MinStockThreshold": 1,
            "QuantityPercent": -1,
            "SpawnAttachments": [
                "mediumgascanister"
            ],
            "Variants": []
        },
        {
            "ClassName": "headtorch_black",
            "MaxPriceThreshold": 180,
            "MinPriceThreshold": 140,
            "SellPricePercent": -1.0,
            "MaxStockThreshold": 100,
            "MinStockThreshold": 1,
            "QuantityPercent": -1,
            "SpawnAttachments": [
                "battery9v"
            ],
            "Variants": [
                "headtorch_grey"
            ]
        },
        {
            "ClassName": "spotlight",
            "MaxPriceThreshold": 1200,
            "MinPriceThreshold": 600,
            "SellPricePercent": -1.0,
            "MaxStockThreshold": 100,
            "MinStockThreshold": 1,
            "QuantityPercent": -1,
            "SpawnAttachments": [],
            "Variants": []
        },
        {
            "ClassName": "universallight",
            "MaxPriceThreshold": 240,
            "MinPriceThreshold": 120,
            "SellPricePercent": -1.0,
            "MaxStockThreshold": 100,
            "MinStockThreshold": 1,
            "QuantityPercent": -1,
            "SpawnAttachments": [],
            "Variants": []
        },
        {
            "ClassName": "tlrlight",
            "MaxPriceThreshold": 240,
            "MinPriceThreshold": 120,
            "SellPricePercent": -1.0,
            "MaxStockThreshold": 100,
            "MinStockThreshold": 1,
            "QuantityPercent": -1,
            "SpawnAttachments": [],
            "Variants": []
        },
		{
            "ClassName": "Expansion_ANPEQ15_Green",
            "MaxPriceThreshold": 450,
            "MinPriceThreshold": 350,
            "SellPricePercent": -1.0,
            "MaxStockThreshold": 100,
            "MinStockThreshold": 1,
            "QuantityPercent": -1,
            "SpawnAttachments": [],
            "Variants": []
        }
    ]
}