{
    "m_Version": 12,
    "DisplayName": "MIGHTY'S ARMOR GEAR",
    "Icon": "Deliver",
    "Color": "FBFCFEFF",
    "IsExchange": 0,
    "InitStockPercent": 75,
    "Items": [
		{
			"ClassName": "MMG_MK_III_Armor_black",
			"MaxPriceThreshold": 25000,
			"MinPriceThreshold": 25000,
			"SellPricePercent": -1.0,
			"MaxStockThreshold": 1,
			"MinStockThreshold": 1,
			"QuantityPercent": -1,
            "SpawnAttachments": [],
            "Variants": [
				"MMG_MK_III_Armor_alpine",
				"MMG_MK_III_Armor_dark_woodland",
				"MMG_MK_III_Armor_erdl",
				"MMG_MK_III_Armor_green",
				"MMG_MK_III_Armor_multicam",
				"MMG_MK_III_Armor_multicam_tropic",
				"MMG_MK_III_Armor_multicamblack",
				"MMG_MK_III_Armor_tan",
				"MMG_MK_III_Armor_ucp",
				"MMG_MK_III_Armor_atacs"
            ]
        },
		{
			"ClassName": "MMG_MK_V_Armor_black",
			"MaxPriceThreshold": 35000,
			"MinPriceThreshold": 35000,
			"SellPricePercent": -1.0,
			"MaxStockThreshold": 1,
			"MinStockThreshold": 1,
			"QuantityPercent": -1,
            "SpawnAttachments": [],
            "Variants": [
				"MMG_MK_V_Armor_alpine",
				"MMG_MK_V_Armor_dark_woodland",
				"MMG_MK_V_Armor_erdl",
				"MMG_MK_V_Armor_green",
				"MMG_MK_V_Armor_multicam",
				"MMG_MK_V_Armor_multicam_tropic",
				"MMG_MK_V_Armor_multicamblack",
				"MMG_MK_V_Armor_tan",
				"MMG_MK_V_Armor_ucp",
				"MMG_MK_V_Armor_atacs"
            ]
        },
		{
			"ClassName": "MMG_mk5_utility_pouch_black",
			"MaxPriceThreshold": 500,
			"MinPriceThreshold": 500,
			"SellPricePercent": -1.0,
			"MaxStockThreshold": 1,
			"MinStockThreshold": 1,
			"QuantityPercent": -1,
            "SpawnAttachments": [],
            "Variants": [
				"MMG_mk5_utility_pouch_alpine",
				"MMG_mk5_utility_pouch_dark_woodland",
				"MMG_mk5_utility_pouch_erdl",
				"MMG_mk5_utility_pouch_green",
				"MMG_mk5_utility_pouch_multicam",
				"MMG_mk5_utility_pouch_multicam_tropic",
				"MMG_mk5_utility_pouch_multicamblack",
				"MMG_mk5_utility_pouch_tan",		
				"MMG_mk5_utility_pouch_ucp",
				"MMG_mk5_utility_pouch_atacs"
            ]
        },
		{
			"ClassName": "MMG_mk5_grenade_pouch_black",
			"MaxPriceThreshold": 500,
			"MinPriceThreshold": 500,
			"SellPricePercent": -1.0,
			"MaxStockThreshold": 1,
			"MinStockThreshold": 1,
			"QuantityPercent": -1,
            "SpawnAttachments": [],
            "Variants": [
				"MMG_mk5_grenade_pouch_alpine",
				"MMG_mk5_grenade_pouch_dark_woodland",
				"MMG_mk5_grenade_pouch_erdl",
				"MMG_mk5_grenade_pouch_green",
				"MMG_mk5_grenade_pouch_multicam",
				"MMG_mk5_grenade_pouch_multicam_tropic",
				"MMG_mk5_grenade_pouch_multicamblack",
				"MMG_mk5_grenade_pouch_tan",
				"MMG_mk5_grenade_pouch_ucp",
				"MMG_mk5_grenade_pouch_atacs"
            ]
        },
		{
			"ClassName": "MMG_striker_helmet_black",
			"MaxPriceThreshold": 7500,
			"MinPriceThreshold": 7500,
			"SellPricePercent": -1.0,
			"MaxStockThreshold": 1,
			"MinStockThreshold": 1,
			"QuantityPercent": 10,
            "SpawnAttachments": [],
            "Variants": [
				"MMG_striker_helmet_alpine",
				"MMG_striker_helmet_dark_woodland",
				"MMG_striker_helmet_erdl",
				"MMG_striker_helmet_green",
				"MMG_striker_helmet_multicam",
				"MMG_striker_helmet_multicam_tropic",
				"MMG_striker_helmet_multicamblack",
				"MMG_striker_helmet_tan",
				"MMG_striker_helmet_ucp",
            	"MMG_striker_helmet_rusty",
				"MMG_striker_helmet_atacs"
            ]
        },
		{
			"ClassName": "mmg_armored_helmet_black",
			"MaxPriceThreshold": 9000,
			"MinPriceThreshold": 9000,
			"SellPricePercent": -1.0,
			"MaxStockThreshold": 1,
			"MinStockThreshold": 1,
			"QuantityPercent": 10,
            "SpawnAttachments": [],
            "Variants": [
				"mmg_armored_helmet_green",
				"mmg_armored_helmet_tan"
			]
        },
		{
			"ClassName": "mmg_armored_helmet_visor_black",
			"MaxPriceThreshold": 500,
			"MinPriceThreshold": 500,
			"SellPricePercent": -1.0,
			"MaxStockThreshold": 1,
			"MinStockThreshold": 1,
			"QuantityPercent": 10,
            "SpawnAttachments": [],
            "Variants": [
				"mmg_armored_helmet_visor_green",
				"mmg_armored_helmet_visor_tan"
            ]
        },
		{
			"ClassName": "MMG_ballistic_earcover_black",
			"MaxPriceThreshold": 500,
			"MinPriceThreshold": 500,
			"SellPricePercent": -1.0,
			"MaxStockThreshold": 1,
			"MinStockThreshold": 1,
			"QuantityPercent": 10,
            "SpawnAttachments": [],
            "Variants": [
				"MMG_ballistic_earcover_green",
				"MMG_ballistic_earcover_tan"
            ]
        },
		{
			"ClassName": "mmg_gp_nvg_black",
			"MaxPriceThreshold": 15000,
			"MinPriceThreshold": 15000,
			"SellPricePercent": 0.1,
			"MaxStockThreshold": 1,
			"MinStockThreshold": 1,
			"QuantityPercent": -1,
            "SpawnAttachments": [],
            "Variants": [
				"mmg_gp_nvg_tan",
				"mmg_gp_nvg_green",
				"mmg_gp_nvg_grey"
            ]
        }
    ]
}