{
    "m_Version": 12,
    "DisplayName": "MIGHTY'S MILITARY GEAR",
    "Icon": "Deliver",
    "Color": "FBFCFEFF",
    "IsExchange": 0,
    "InitStockPercent": 75,
    "Items": [
    	{
			"ClassName": "MMG_JPC_Vest_Black",
			"MaxPriceThreshold": 15000,
			"MinPriceThreshold": 12000,
			"SellPricePercent": -1.0,
			"MaxStockThreshold": 1,
			"MinStockThreshold": 1,
			"QuantityPercent": -1,
            "SpawnAttachments": [],
            "Variants": [
				"MMG_JPC_Vest_alpine",
				"MMG_JPC_Vest_dark_woodland",
				"MMG_JPC_Vest_erdl",
				"MMG_JPC_Vest_olive",
				"MMG_JPC_Vest_multicam",
				"MMG_JPC_Vest_multicam_tropic",
				"MMG_JPC_Vest_multicamblack",
				"MMG_JPC_Vest_tan",
				"MMG_JPC_Vest_ucp",
				"MMG_JPC_Vest_atacs"
            ]
        },
		{
			"ClassName": "MMG_tt_vest_black",
			"MaxPriceThreshold": 10000,
			"MinPriceThreshold": 9000,
			"SellPricePercent": -1.0,
			"MaxStockThreshold": 1,
			"MinStockThreshold": 1,
			"QuantityPercent": -1,
            "SpawnAttachments": [],
            "Variants": [
				"MMG_tt_Vest_alpine",
				"MMG_tt_Vest_dark_woodland",
				"MMG_tt_Vest_erdl",
				"MMG_tt_Vest_green",
				"MMG_tt_Vest_multicam",
				"MMG_tt_Vest_multicam_tropic",
				"MMG_tt_Vest_multicamblack",
				"MMG_tt_Vest_police",
				"MMG_tt_Vest_tan",
				"MMG_tt_Vest_ucp",
				"MMG_tt_Vest_atacs"
			]
        },
		{
			"ClassName": "MMG_chestrig_black",
			"MaxPriceThreshold": 10000,
			"MinPriceThreshold": 9000,
			"SellPricePercent": -1.0,
			"MaxStockThreshold": 1,
			"MinStockThreshold": 1,
			"QuantityPercent": -1,
            "SpawnAttachments": [],
            "Variants": [
				"MMG_chestrig_alpine",
				"MMG_chestrig_dark_woodland",
				"MMG_chestrig_erdl",
				"MMG_chestrig_green",
				"MMG_chestrig_multicam",
				"MMG_chestrig_multicam_tropic",
				"MMG_chestrig_multicamblack",
				"MMG_chestrig_tan",
				"MMG_chestrig_ucp",
				"MMG_chestrig_atacs"
            ]
        },
		{
			"ClassName": "MMG_Mag_Pouch_Black",
			"MaxPriceThreshold": 500,
			"MinPriceThreshold": 350,
			"SellPricePercent": -1.0,
			"MaxStockThreshold": 1,
			"MinStockThreshold": 1,
			"QuantityPercent": -1,
            "SpawnAttachments": [],
            "Variants": [
				"MMG_Mag_Pouch_alpine",
				"MMG_Mag_Pouch_dark_woodland",
				"MMG_Mag_Pouch_erdl",
				"MMG_Mag_Pouch_olive",
				"MMG_Mag_Pouch_multicam",
				"MMG_Mag_Pouch_multicam_tropic",
				"MMG_Mag_Pouch_multicamblack",
				"MMG_Mag_Pouch_tan",				
				"MMG_Mag_Pouch_ucp",
				"MMG_Mag_Pouch_atacs"
            	]
        },
		{
			"ClassName": "MMG_triple_magpouch_black",
			"MaxPriceThreshold": 500,
			"MinPriceThreshold": 350,
			"SellPricePercent": -1.0,
			"MaxStockThreshold": 1,
			"MinStockThreshold": 1,
			"QuantityPercent": -1,
            "SpawnAttachments": [],
            "Variants": [
            	"MMG_triple_magpouch_alpine",
				"MMG_triple_magpouch_dark_woodland",
				"MMG_triple_magpouch_erdl",
				"MMG_triple_magpouch_green",
				"MMG_triple_magpouch_multicam",
				"MMG_triple_magpouch_multicam_tropic",
				"MMG_triple_magpouch_multicamblack",
				"MMG_triple_magpouch_tan",
				"MMG_triple_magpouch_ucp",
				"MMG_triple_magpouch_atacs"
			]
        },
		{
			"ClassName": "MMG_double_magpouch_black",
			"MaxPriceThreshold": 500,
			"MinPriceThreshold": 350,
			"SellPricePercent": -1.0,
			"MaxStockThreshold": 1,
			"MinStockThreshold": 1,
			"QuantityPercent": -1,
            "SpawnAttachments": [],
            "Variants": [
				"MMG_double_magpouch_alpine",
				"MMG_double_magpouch_dark_woodland",
				"MMG_double_magpouch_erdl",
				"MMG_double_magpouch_green",
				"MMG_double_magpouch_multicam",
				"MMG_double_magpouch_multicam_tropic",
				"MMG_double_magpouch_multicamblack",
				"MMG_double_magpouch_tan",
				"MMG_double_magpouch_ucp",
				"MMG_double_magpouch_atacs"
            ]
        },
		{
			"ClassName": "MMG_Med_Pouch_black",
			"MaxPriceThreshold": 500,
			"MinPriceThreshold": 350,
			"SellPricePercent": -1.0,
			"MaxStockThreshold": 1,
			"MinStockThreshold": 1,
			"QuantityPercent": -1,
            "SpawnAttachments": [],
            "Variants": [
				"MMG_Med_Pouch_alpine",
				"MMG_Med_Pouch_dark_woodland",
				"MMG_Med_Pouch_erdl",
				"MMG_Med_Pouch_Olive",
				"MMG_Med_Pouch_multicam",
				"MMG_Med_Pouch_multicam_tropic",
				"MMG_Med_Pouch_multicamblack",
				"MMG_Med_Pouch_tan",
				"MMG_Med_Pouch_ucp",
				"MMG_Med_Pouch_atacs"
            ]
        },
		{
			"ClassName": "MMG_ammo_pouch_black",
			"MaxPriceThreshold": 500,
			"MinPriceThreshold": 350,
			"SellPricePercent": -1.0,
			"MaxStockThreshold": 1,
			"MinStockThreshold": 1,
			"QuantityPercent": -1,
            "SpawnAttachments": [],
            "Variants": [
				"MMG_ammo_pouch_alpine",
				"MMG_ammo_pouch_dark_woodland",
				"MMG_ammo_pouch_erdl",
				"MMG_ammo_pouch_olive",
				"MMG_ammo_pouch_multicam",
				"MMG_ammo_pouch_multicam_tropic",
				"MMG_ammo_pouch_multicamblack",
				"MMG_ammo_pouch_tan",
				"MMG_ammo_pouch_ucp",
				"MMG_ammo_pouch_atacs"
            ]
        },
		{
			"ClassName": "MMG_tactical_pouch_black",
			"MaxPriceThreshold": 500,
			"MinPriceThreshold": 350,
			"SellPricePercent": -1.0,
			"MaxStockThreshold": 1,
			"MinStockThreshold": 1,
			"QuantityPercent": -1,
            "SpawnAttachments": [],
            "Variants": [
				"MMG_tactical_pouch_alpine",
				"MMG_tactical_pouch_dark_woodland",
				"MMG_tactical_pouch_erdl",
				"MMG_tactical_pouch_green",
				"MMG_tactical_pouch_multicam",
				"MMG_tactical_pouch_multicam_tropic",
				"MMG_tactical_pouch_multicamblack",
				"MMG_tactical_pouch_tan",
				"MMG_tactical_pouch_ucp",
				"MMG_tactical_pouch_atacs"
            ]
        },
		{
            "ClassName": "MMG_holster_pouch_black",
            "MaxPriceThreshold": 500,
            "MinPriceThreshold": 350,
            "SellPricePercent": 10.0,
            "MaxStockThreshold": 1,
            "MinStockThreshold": 1,
            "QuantityPercent": -1,
            "SpawnAttachments": [],
            "Variants": [
                "MMG_holster_pouch_green",
                "MMG_holster_pouch_tan"
            ]
        },
		{
			"ClassName": "MMG_carrier_backpack_black",
			"MaxPriceThreshold": 5000,
			"MinPriceThreshold": 3200,
			"SellPricePercent": -1.0,
			"MaxStockThreshold": 1,
			"MinStockThreshold": 1,
			"QuantityPercent": -1,
            "SpawnAttachments": [],
            "Variants": [
				"MMG_carrier_backpack_alpine",
				"MMG_carrier_backpack_dark_woodland",
				"MMG_carrier_backpack_erdl",
				"MMG_carrier_backpack_olive",
				"MMG_carrier_backpack_multicam",
				"MMG_carrier_backpack_multicam_tropic",
				"MMG_carrier_backpack_multicamblack",
				"MMG_carrier_backpack_tan",
				"MMG_carrier_backpack_ucp",
				"MMG_carrier_backpack_atacs"
			]
        },
		{
			"ClassName": "MMG_supplybag_black",
			"MaxPriceThreshold": 10000,
			"MinPriceThreshold": 7500,
			"SellPricePercent": -1.0,
			"MaxStockThreshold": 1,
			"MinStockThreshold": 1,
			"QuantityPercent": -1,
            "SpawnAttachments": [],
            "Variants": [
				"MMG_supplybag_alpine",
				"MMG_supplybag_dark_woodland",
				"MMG_supplybag_erdl",
				"MMG_supplybag_green",
				"MMG_supplybag_multicam",
				"MMG_supplybag_multicam_tropic",
				"MMG_supplybag_multicamblack",
				"MMG_supplybag_tan",
				"MMG_supplybag_ucp",
				"MMG_supplybag_atacs"
			]
        },
		{
			"ClassName": "MMG_mmps_bag_black",
			"MaxPriceThreshold": 10000,
			"MinPriceThreshold": 7500,
			"SellPricePercent": -1.0,
			"MaxStockThreshold": 1,
			"MinStockThreshold": 1,
			"QuantityPercent": -1,
            "SpawnAttachments": [],
            "Variants": [
				"MMG_mmps_bag_green",
				"MMG_mmps_bag_tan",
				"MMG_mmps_bag_ucp",
				"MMG_mmps_bag_multicam",
				"MMG_mmps_bag_erdl",
				"MMG_mmps_bag_atacs",
				"MMG_mmps_bag_multicamblack",
				"MMG_mmps_bag_multicam_tropic",
				"MMG_mmps_bag_alpine",
				"MMG_mmps_bag_dark_woodland"
			]
        },
		{
			"ClassName": "MMG_assault_pack_black",
			"MaxPriceThreshold": 7500,
			"MinPriceThreshold": 5000,
			"SellPricePercent": -1.0,
			"MaxStockThreshold": 1,
			"MinStockThreshold": 1,
			"QuantityPercent": -1,
            "SpawnAttachments": [],
            "Variants": [
				"MMG_assault_pack_alpine",
				"MMG_assault_pack_dark_woodland",
				"MMG_assault_pack_erdl",
				"MMG_assault_pack_olive",
				"MMG_assault_pack_multicam",
				"MMG_assault_pack_mct",
				"MMG_assault_pack_multicamblack",
				"MMG_assault_pack_tan",
				"MMG_assault_pack_ucp",
				"MMG_assault_pack_atacs"
            ]
        },
		{
			"ClassName": "MMG_camelback_black",
			"MaxPriceThreshold": 9500,
			"MinPriceThreshold": 8000,
			"SellPricePercent": -1.0,
			"MaxStockThreshold": 1,
			"MinStockThreshold": 1,
			"QuantityPercent": -1,
            "SpawnAttachments": [],
            "Variants": [
				"MMG_camelback_alpine",
				"MMG_camelback_dark_woodland",
				"MMG_camelback_erdl",
				"MMG_camelback_green",
				"MMG_camelback_multicam",
				"MMG_camelback_multicam_tropic",
				"MMG_camelback_multicamblack",
				"MMG_camelback_tan",
				"MMG_camelback_ucp",
				"MMG_camelback_atacs"
            ]
        },
		{
			"ClassName": "MMG_falcon_b1_belt_black",
			"MaxPriceThreshold": 2000,
			"MinPriceThreshold": 1500,
			"SellPricePercent": -1.0,
			"MaxStockThreshold": 1,
			"MinStockThreshold": 1,
			"QuantityPercent": -1,
            "SpawnAttachments": [],
            "Variants": [
				"MMG_falcon_b1_belt_alpine",
				"MMG_falcon_b1_belt_dark_woodland",
				"MMG_falcon_b1_belt_erdl",
				"MMG_falcon_b1_belt_olive",
				"MMG_falcon_b1_belt_multicam",
				"MMG_falcon_b1_belt_multicam_tropic",
				"MMG_falcon_b1_belt_multicamblack",
				"MMG_falcon_b1_belt_tan",
				"MMG_falcon_b1_belt_ucp",
				"MMG_falcon_b1_belt_atacs"
			]
        },
		{
			"ClassName": "MMG_tactical_helmet_black",
			"MaxPriceThreshold": 5000,
			"MinPriceThreshold": 3500,
			"SellPricePercent": -1.0,
			"MaxStockThreshold": 1,
			"MinStockThreshold": 1,
			"QuantityPercent": 10,
            "SpawnAttachments": [],
            "Variants": [
				"MMG_tactical_helmet_alpine",
				"MMG_tactical_helmet_dark_woodland",
				"MMG_tactical_helmet_erdl",
				"MMG_tactical_helmet_green",
				"MMG_tactical_helmet_multicam",
				"MMG_tactical_helmet_multicam_tropic",
				"MMG_tactical_helmet_multicamblack",
				"MMG_tactical_helmet_police",
				"MMG_tactical_helmet_tan",
				"MMG_tactical_helmet_ucp",
				"MMG_tactical_helmet_atacs"
            ]
        },
		{
			"ClassName": "MMG_tactical_visor_black",
			"MaxPriceThreshold": 500,
			"MinPriceThreshold": 500,
			"SellPricePercent": -1.0,
			"MaxStockThreshold": 1,
			"MinStockThreshold": 1,
			"QuantityPercent": 10,
            "SpawnAttachments": [],
            "Variants": [
				"MMG_tactical_visor_green",
				"MMG_tactical_visor_tan"
            ]
        },
		{
			"ClassName": "MMG_headphones_black",
			"MaxPriceThreshold": 500,
			"MinPriceThreshold": 350,
			"SellPricePercent": -1.0,
			"MaxStockThreshold": 1,
			"MinStockThreshold": 1,
			"QuantityPercent": -1,
            "SpawnAttachments": [],
            "Variants": [
				"MMG_headphones_green",
				"MMG_headphones_tan",
				"MMG_headphones_ucp"
            ]
        },
		{
			"ClassName": "MMG_sheath_black",
			"MaxPriceThreshold": 500,
			"MinPriceThreshold": 350,
			"SellPricePercent": -1.0,
			"MaxStockThreshold": 1,
			"MinStockThreshold": 1,
			"QuantityPercent": -1,
            "SpawnAttachments": [],
            "Variants": [
				"MMG_sheath_alpine",
				"MMG_sheath_dark_woodland",
				"MMG_sheath_erdl",
				"MMG_sheath_olive",
				"MMG_sheath_multicam",
				"MMG_sheath_multicam_tropic",
				"MMG_sheath_multicamblack",
				"MMG_sheath_tan",
				"MMG_sheath_ucp",
				"MMG_sheath_atacs"
            ]
        },
		{
			"ClassName": "MMG_bottle_black",
			"MaxPriceThreshold": 800,
			"MinPriceThreshold": 500,
			"SellPricePercent": -1.0,
			"MaxStockThreshold": 1,
			"MinStockThreshold": 1,
			"QuantityPercent": 10,
            "SpawnAttachments": [],
            "Variants": [
				"MMG_bottle_alpine",
				"MMG_bottle_dark_woodland",
				"MMG_bottle_erdl",
				"MMG_bottle_olive",
				"MMG_bottle_multicam",
				"MMG_bottle_multicam_tropic",
				"MMG_bottle_multicamblack",
				"MMG_bottle_tan",
				"MMG_bottle_ucp",
				"MMG_bottle_atacs"
			]
        },
		{
			"ClassName": "MMG_Holster_black",
			"MaxPriceThreshold": 500,
			"MinPriceThreshold": 350,
			"SellPricePercent": -1.0,
			"MaxStockThreshold": 1,
			"MinStockThreshold": 1,
			"QuantityPercent": -1,
            "SpawnAttachments": [],
            "Variants": [
				"MMG_Holster_alpine",
				"MMG_Holster_dark_woodland",
				"MMG_Holster_erdl",
				"MMG_Holster_green",
				"MMG_Holster_multicam",
				"MMG_Holster_multicam_tropic",
				"MMG_Holster_multicamblack",
				"MMG_Holster_tan",
				"MMG_Holster_ucp",
				"MMG_Holster_atacs"
            ]
        },
		{
			"ClassName": "mmg_tac_goggles_red_black",
			"MaxPriceThreshold": 550,
			"MinPriceThreshold": 350,
			"SellPricePercent": -1.0,
			"MaxStockThreshold": 1,
			"MinStockThreshold": 1,
			"QuantityPercent": -1,
            "SpawnAttachments": [],
            "Variants": [
				"mmg_tac_goggles_red_green",
				"mmg_tac_goggles_red_tan"
				
            	]
        },
		{
			"ClassName": "MMG_operatorshirt_black",
			"MaxPriceThreshold": 1500,
			"MinPriceThreshold": 1100,
			"SellPricePercent": -1.0,
			"MaxStockThreshold": 1,
			"MinStockThreshold": 1,
			"QuantityPercent": -1,
            "SpawnAttachments": [],
            "Variants": [
				"MMG_operatorshirt_alpine",
				"MMG_operatorshirt_dark_woodland",
				"MMG_operatorshirt_erdl",
				"MMG_operatorshirt_green",
				"MMG_operatorshirt_multicam",
				"MMG_operatorshirt_multicam_tropic",
				"MMG_operatorshirt_multicamblack",
				"MMG_operatorshirt_tan",
				"MMG_operatorshirt_ucp",
				"MMG_operatorshirt_atacs"
            ]
        },
		{
			"ClassName": "MMG_tactical_shirt_black",
			"MaxPriceThreshold": 1500,
			"MinPriceThreshold": 1100,
			"SellPricePercent": -1.0,
			"MaxStockThreshold": 1,
			"MinStockThreshold": 1,
			"QuantityPercent": -1,
            "SpawnAttachments": [],
            "Variants": [
				"MMG_tactical_shirt_alpine",
				"MMG_tactical_shirt_dark_wl",
				"MMG_tactical_shirt_erdl",
				"MMG_tactical_shirt_green",
				"MMG_tactical_shirt_multicam",
				"MMG_tactical_shirt_multicam_tropic",
				"MMG_tactical_shirt_multicamblack",
				"MMG_tactical_shirt_tan",
				"MMG_tactical_shirt_ucp",
				"MMG_tactical_shirt_atacs"
            ]
        },
		{
			"ClassName": "MMG_combatshirt_black",
			"MaxPriceThreshold": 1500,
			"MinPriceThreshold": 1100,
			"SellPricePercent": -1.0,
			"MaxStockThreshold": 1,
			"MinStockThreshold": 1,
			"QuantityPercent": -1,
            "SpawnAttachments": [],
            "Variants": [
				"MMG_combatshirt_alpine",
				"MMG_combatshirt_dark_woodland",
				"MMG_combatshirt_erdl",
				"MMG_combatshirt_green",
				"MMG_combatshirt_multicam",
				"MMG_combatshirt_multicam_tropic",
				"MMG_combatshirt_multicamblack",
				"MMG_combatshirt_police",
				"MMG_combatshirt_tan",
				"MMG_combatshirt_ucp",
				"MMG_combatshirt_atacs"
			]
        },
		{
			"ClassName": "MMG_combatpants_black",
			"MaxPriceThreshold": 1500,
			"MinPriceThreshold": 1100,
			"SellPricePercent": -1.0,
			"MaxStockThreshold": 1,
			"MinStockThreshold": 1,
			"QuantityPercent": -1,
            "SpawnAttachments": [],
            "Variants": [
				"MMG_combatpants_alpine",
				"MMG_combatpants_dark_woodland",
				"MMG_combatpants_erdl",
				"MMG_combatpants_olive",
				"MMG_combatpants_multicam",
				"MMG_combatpants_multicam_tropic",
				"MMG_combatpants_multicamblack",
				"MMG_combatpants_police",
				"MMG_combatpants_tan",
				"MMG_combatpants_ucp",
				"MMG_combatpants_atacs"
            ]
        },
		{
			"ClassName": "mmg_tactical_pants_black",
			"MaxPriceThreshold": 1500,
			"MinPriceThreshold": 1100,
			"SellPricePercent": -1.0,
			"MaxStockThreshold": 1,
			"MinStockThreshold": 1,
			"QuantityPercent": -1,
            "SpawnAttachments": [],
            "Variants": [
				"mmg_tactical_pants_green",
				"mmg_tactical_pants_tan",
				"mmg_tactical_pants_ucp",
				"mmg_tactical_pants_multicam",
				"mmg_tactical_pants_erdl",
				"mmg_tactical_pants_atacs",
				"mmg_tactical_pants_multicamblack",
				"mmg_tactical_pants_multicam_tropic",
				"mmg_tactical_pants_alpine",
				"mmg_tactical_pants_dark_woodland"
            ]
        },
		{
			"ClassName": "mmg_tactical_gloves_black",
			"MaxPriceThreshold": 700,
			"MinPriceThreshold": 500,
			"SellPricePercent": -1.0,
			"MaxStockThreshold": 1,
			"MinStockThreshold": 1,
			"QuantityPercent": -1,
            "SpawnAttachments": [],
            "Variants": [
				"mmg_tactical_gloves_alpine",
				"mmg_tactical_gloves_dark_woodland",
				"mmg_tactical_gloves_erdl",
				"mmg_tactical_gloves_green",
				"mmg_tactical_gloves_multicam",
				"mmg_tactical_gloves_multicam_tropic",
				"mmg_tactical_gloves_multicamblack",
				"mmg_tactical_gloves_tan",
				"mmg_tactical_gloves_ucp",
				"mmg_tactical_gloves_atacs"
            ]
        },
		{
			"ClassName": "MMG_boots_black",
			"MaxPriceThreshold": 3000,
			"MinPriceThreshold": 2500,
			"SellPricePercent": -1.0,
			"MaxStockThreshold": 1,
			"MinStockThreshold": 1,
			"QuantityPercent": -1,
            "SpawnAttachments": [],
            "Variants": [
				"MMG_boots_alpine",
				"MMG_boots_dark_woodland",
				"MMG_boots_erdl",
				"MMG_boots_green",
				"MMG_boots_multicam",
				"MMG_boots_multicam_tropic",
				"MMG_boots_multicamblack",
				"MMG_boots_tan",
				"MMG_boots_ucp",
				"MMG_boots_atacs"
            ]
        },
		{
			"ClassName": "MMG_facemask_black",
			"MaxPriceThreshold": 300,
			"MinPriceThreshold": 250,
			"SellPricePercent": -1.0,
			"MaxStockThreshold": 1,
			"MinStockThreshold": 1,
			"QuantityPercent": -1,
            "SpawnAttachments": [],
            "Variants": [
				"MMG_facemask_alpine",
				"MMG_facemask_dark_woodland",
				"MMG_facemask_erdl",
				"MMG_facemask_green",
				"MMG_facemask_multicam",
				"MMG_facemask_multicam_tropic",
				"MMG_facemask_multicamblack",			
				"MMG_facemask_tan",
				"MMG_facemask_ucp",
				"MMG_facemask_atacs",
				"MMG_facemask_skull",
				"MMG_facemask_joker"
            ]
        },
		{
			"ClassName": "MMG_balaclava_black",
			"MaxPriceThreshold": 300,
			"MinPriceThreshold": 250,
			"SellPricePercent": -1.0,
			"MaxStockThreshold": 1,
			"MinStockThreshold": 1,
			"QuantityPercent": -1,
            "SpawnAttachments": [],
            "Variants": [
				"MMG_balaclava_alpine",
				"MMG_balaclava_dark_woodland",
				"MMG_balaclava_erdl",
				"MMG_balaclava_olive",
				"MMG_balaclava_multicam",
				"MMG_balaclava_multicam_tropic",
				"MMG_balaclava_multicamblack",
				"MMG_balaclava_tan",
				"MMG_balaclava_ucp",
				"MMG_balaclava_atacs"
            ]
        },
		{
			"ClassName": "mmg_boonie_black",
			"MaxPriceThreshold": 300,
			"MinPriceThreshold": 250,
			"SellPricePercent": -1.0,
			"MaxStockThreshold": 1,
			"MinStockThreshold": 1,
			"QuantityPercent": -1,
            "SpawnAttachments": [],
            "Variants": [
				"mmg_boonie_alpine",
				"mmg_boonie_dark_woodland",
				"mmg_boonie_erdl",
				"mmg_boonie_green",
				"mmg_boonie_multicam",
				"mmg_boonie_multicam_tropic",
				"mmg_boonie_multicamblack",
				"mmg_boonie_tan",
				"mmg_boonie_ucp",
				"mmg_boonie_atacs"
            ]
        },
		{
			"ClassName": "MMG_carbine_black",
			"MaxPriceThreshold": 500,
			"MinPriceThreshold": 350,
			"SellPricePercent": -1.0,
			"MaxStockThreshold": 1,
			"MinStockThreshold": 1,
			"QuantityPercent": -1,
            "SpawnAttachments": [],
            "Variants": [
				"MMG_carbine_red",
				"MMG_carbine_green",
				"MMG_carbine_orange",
				"MMG_carbine_blue",
				"MMG_carbine_grey"
            ]
        },
		{
			"ClassName": "mmg_cargobelt_black",
			"MaxPriceThreshold": 2000,
			"MinPriceThreshold": 1700,
			"SellPricePercent": 100,
			"MaxStockThreshold": 50,
			"MinStockThreshold": 1,
			"QuantityPercent": -1,
            "SpawnAttachments": [],
            "Variants": [
				"mmg_cargobelt_green",
				"mmg_cargobelt_tan"
			]
        },
		{
			"ClassName": "mmg_dump_pouch_black",
			"MaxPriceThreshold": 500,
			"MinPriceThreshold": 450,
			"SellPricePercent": 100,
			"MaxStockThreshold": 50,
			"MinStockThreshold": 1,
			"QuantityPercent": -1,
            "SpawnAttachments": [],
            "Variants": [
				"mmg_dump_pouch_green",
				"mmg_dump_pouch_tan"
			]
        }
    ]
}