{
    "m_Version": 12,
    "DisplayName": "SMOKES",
    "Icon": "Deliver",
    "Color": "FBFCFEFF",
    "IsExchange": 0,
    "InitStockPercent": 5.0,
    "Items": [
        {
            "ClassName": "m18smokegrenade_red",
            "MaxPriceThreshold": 140,
            "MinPriceThreshold": 80,
            "SellPricePercent": -1.0,
            "MaxStockThreshold": 100,
            "MinStockThreshold": 1,
            "QuantityPercent": -1,
            "SpawnAttachments": [],
            "Variants": [
                "m18smokegrenade_green",
                "m18smokegrenade_yellow",
                "m18smokegrenade_purple",
                "m18smokegrenade_white"
            ]
        },
        {
            "ClassName": "rdg2smokegrenade_black",
            "MaxPriceThreshold": 140,
            "MinPriceThreshold": 80,
            "SellPricePercent": -1.0,
            "MaxStockThreshold": 100,
            "MinStockThreshold": 1,
            "QuantityPercent": -1,
            "SpawnAttachments": [],
            "Variants": [
                "rdg2smokegrenade_white"
            ]
        }
    ]
}