{
    "m_Version": 12,
    "DisplayName": "#STR_EXPANSION_MARKET_CATEGORY_SNIPER_RIFLES",
    "Icon": "Deliver",
    "Color": "FBFCFEFF",
    "IsExchange": 0,
    "InitStockPercent": 0.0,
    "Items": [
        {
            "ClassName": "vss",
            "MaxPriceThreshold": 3200,
            "MinPriceThreshold": 1900,
            "SellPricePercent": -1.0,
            "MaxStockThreshold": 100,
            "MinStockThreshold": 1,
            "QuantityPercent": -1,
            "SpawnAttachments": [
                "mag_vss_10rnd"
            ],
            "Variants": []
        },
		{
            "ClassName": "mosin9130",
            "MaxPriceThreshold": 5800,
            "MinPriceThreshold": 3400,
            "SellPricePercent": -1.0,
            "MaxStockThreshold": 100,
            "MinStockThreshold": 1,
            "QuantityPercent": -1,
            "SpawnAttachments": [],
            "Variants": []
        },
        {
            "ClassName": "asval",
            "MaxPriceThreshold": 3200,
            "MinPriceThreshold": 1900,
            "SellPricePercent": -1.0,
            "MaxStockThreshold": 100,
            "MinStockThreshold": 1,
            "QuantityPercent": -1,
            "SpawnAttachments": [
                "mag_val_20rnd"
            ],
            "Variants": []
        },
        {
            "ClassName": "b95",
            "MaxPriceThreshold": 3400,
            "MinPriceThreshold": 1900,
            "SellPricePercent": -1.0,
            "MaxStockThreshold": 100,
            "MinStockThreshold": 1,
            "QuantityPercent": -1,
            "SpawnAttachments": [],
            "Variants": []
        },
        {
            "ClassName": "svd",
            "MaxPriceThreshold": 4000,
            "MinPriceThreshold": 2900,
            "SellPricePercent": -1.0,
            "MaxStockThreshold": 100,
            "MinStockThreshold": 1,
            "QuantityPercent": -1,
            "SpawnAttachments": [
                "mag_svd_10rnd"
            ],
            "Variants": []
        }
    ]
}