{
    "m_Version": 12,
    "DisplayName": "#STR_EXPANSION_MARKET_CATEGORY_SUBMACHINE_GUNS",
    "Icon": "Deliver",
    "Color": "FBFCFEFF",
    "IsExchange": 0,
    "InitStockPercent": 0.0,
    "Items": [
        {
            "ClassName": "cz61",
            "MaxPriceThreshold": 1100,
            "MinPriceThreshold": 700,
            "SellPricePercent": -1.0,
            "MaxStockThreshold": 100,
            "MinStockThreshold": 1,
            "QuantityPercent": -1,
            "SpawnAttachments": [
                "mag_cz61_20rnd"
            ],
            "Variants": []
        },
        {
            "ClassName": "ump45",
            "MaxPriceThreshold": 1100,
            "MinPriceThreshold": 700,
            "SellPricePercent": -1.0,
            "MaxStockThreshold": 100,
            "MinStockThreshold": 1,
            "QuantityPercent": -1,
            "SpawnAttachments": [
                "mag_ump_25rnd"
            ],
            "Variants": []
        },
        {
            "ClassName": "mp5k",
            "MaxPriceThreshold": 1200,
            "MinPriceThreshold": 800,
            "SellPricePercent": -1.0,
            "MaxStockThreshold": 100,
            "MinStockThreshold": 1,
            "QuantityPercent": -1,
            "SpawnAttachments": [
                "mp5k_stockbttstck",
                "mp5_plastichndgrd",
                "mag_mp5_30rnd"
            ],
            "Variants": []
        },
        {
            "ClassName": "aks74u",
            "MaxPriceThreshold": 2200,
            "MinPriceThreshold": 1100,
            "SellPricePercent": -1.0,
            "MaxStockThreshold": 100,
            "MinStockThreshold": 1,
            "QuantityPercent": -1,
            "SpawnAttachments": [
                "aks74u_bttstck",
                "mag_ak74_30rnd"
            ],
            "Variants": []
        },
        {
            "ClassName": "pp19",
            "MaxPriceThreshold": 1800,
            "MinPriceThreshold": 950,
            "SellPricePercent": -1.0,
            "MaxStockThreshold": 100,
            "MinStockThreshold": 1,
            "QuantityPercent": -1,
            "SpawnAttachments": [
                "pp19_bttstck",
                "mag_pp19_64rnd"
            ],
            "Variants": []
        }
    ]
}