{
    "m_Version": 12,
    "DisplayName": "Morty SemiAutoRifles",
    "Icon": "Deliver",
    "Color": "FBFCFEFF",
    "IsExchange": 0,
    "InitStockPercent": 1.0,
    "Items": [
        {
            "ClassName": "TTC_M1Garand",
            "MaxPriceThreshold": 20000,
            "MinPriceThreshold": 14000,
            "SellPricePercent": -1.0,
            "MaxStockThreshold": 100,
            "MinStockThreshold": 1,
            "QuantityPercent": -1,
            "SpawnAttachments": [],
            "Variants": []
        },
        {
            "ClassName": "TTC_M110",
            "MaxPriceThreshold": 20000,
            "MinPriceThreshold": 14000,
            "SellPricePercent": -1.0,
            "MaxStockThreshold": 100,
            "MinStockThreshold": 1,
            "QuantityPercent": -1,
            "SpawnAttachments": [],
            "Variants": [
                "TTC_M110_Black"
            ]
        },
        {
            "ClassName": "TTC_AVS36",
            "MaxPriceThreshold": 20000,
            "MinPriceThreshold": 14000,
            "SellPricePercent": -1.0,
            "MaxStockThreshold": 100,
            "MinStockThreshold": 1,
            "QuantityPercent": -1,
            "SpawnAttachments": [],
            "Variants": []
        },
        {
            "ClassName": "TTC_SVT40",
            "MaxPriceThreshold": 15000,
            "MinPriceThreshold": 12000,
            "SellPricePercent": -1.0,
            "MaxStockThreshold": 100,
            "MinStockThreshold": 1,
            "QuantityPercent": -1,
            "SpawnAttachments": [],
            "Variants": []
        },
        {
            "ClassName": "TTC_M1A_Black",
            "MaxPriceThreshold": 25000,
            "MinPriceThreshold": 15000,
            "SellPricePercent": -1.0,
            "MaxStockThreshold": 100,
            "MinStockThreshold": 1,
            "QuantityPercent": -1,
            "SpawnAttachments": [],
            "Variants": [
                "TTC_M1A_Green",
                "TTC_M1A_Tan",
                "TTC_M1A_Snow"
            ]
        }
    ]
}