{
    "m_Version": 12,
    "DisplayName": "Mortys Supressors",
    "Icon": "Deliver",
    "Color": "FBFCFEFF",
    "IsExchange": 0,
    "InitStockPercent": 1.0,
    "Items": [
        {
            "ClassName": "TTC_Universal_Suppressor_BLACK",
            "MaxPriceThreshold": 1500,
            "MinPriceThreshold": 500,
            "SellPricePercent": -1.0,
            "MaxStockThreshold": 100,
            "MinStockThreshold": 1,
            "QuantityPercent": -1,
            "SpawnAttachments": [],
            "Variants": [
                "TTC_Universal_Suppressor_CAMO",
                "TTC_Universal_Suppressor_Tan",
                "TTC_Universal_Suppressor_Snow"
            ]
        },
        {
            "ClassName": "TTC_Honey_Suppressor",
            "MaxPriceThreshold": 1500,
            "MinPriceThreshold": 500,
            "SellPricePercent": -1.0,
            "MaxStockThreshold": 100,
            "MinStockThreshold": 1,
            "QuantityPercent": -1,
            "SpawnAttachments": [],
            "Variants": []
        },
        {
            "ClassName": "TTC_DMR_Suppressor",
            "MaxPriceThreshold": 1500,
            "MinPriceThreshold": 500,
            "SellPricePercent": -1.0,
            "MaxStockThreshold": 100,
            "MinStockThreshold": 1,
            "QuantityPercent": -1,
            "SpawnAttachments": [],
            "Variants": []
        },
        {
            "ClassName": "TTC_M14Suppressor",
            "MaxPriceThreshold": 1500,
            "MinPriceThreshold": 500,
            "SellPricePercent": -1.0,
            "MaxStockThreshold": 100,
            "MinStockThreshold": 1,
            "QuantityPercent": -1,
            "SpawnAttachments": [],
            "Variants": []
        },
        {
            "ClassName": "TTC_AKMod_Suppressor",
            "MaxPriceThreshold": 1500,
            "MinPriceThreshold": 500,
            "SellPricePercent": -1.0,
            "MaxStockThreshold": 100,
            "MinStockThreshold": 1,
            "QuantityPercent": -1,
            "SpawnAttachments": [],
            "Variants": []
        },
        {
            "ClassName": "TTC_PistolSuppressor",
            "MaxPriceThreshold": 1500,
            "MinPriceThreshold": 500,
            "SellPricePercent": -1.0,
            "MaxStockThreshold": 100,
            "MinStockThreshold": 1,
            "QuantityPercent": -1,
            "SpawnAttachments": [],
            "Variants": []
        },
        {
            "ClassName": "TTC_MCX_Spear_Suppressor",
            "MaxPriceThreshold": 1500,
            "MinPriceThreshold": 500,
            "SellPricePercent": -1.0,
            "MaxStockThreshold": 100,
            "MinStockThreshold": 1,
            "QuantityPercent": -1,
            "SpawnAttachments": [],
            "Variants": [
                "TTC_MCX_Spear_Suppressor_Black"
            ]
        },
        {
            "ClassName": "TTC_Universal_Suppressor_TAVOR",
            "MaxPriceThreshold": 1500,
            "MinPriceThreshold": 500,
            "SellPricePercent": -1.0,
            "MaxStockThreshold": 100,
            "MinStockThreshold": 1,
            "QuantityPercent": -1,
            "SpawnAttachments": [],
            "Variants": [
                "TTC_Universal_Suppressor_TAVOR_Tan"
            ]
        }
    ]
}