{
    "m_Version": 12,
    "DisplayName": "Mortys Barrels & Frames",
    "Icon": "Deliver",
    "Color": "FBFCFEFF",
    "IsExchange": 0,
    "InitStockPercent": 25.0,
    "Items": [
        {
            "ClassName": "TTC_DMR_RifleFrame",
            "MaxPriceThreshold": 12000,
            "MinPriceThreshold": 10000,
            "SellPricePercent": -1.0,
            "MaxStockThreshold": 100,
            "MinStockThreshold": 1,
            "QuantityPercent": -1,
            "SpawnAttachments": [],
            "Variants": []
        },
        {
            "ClassName": "TTC_DMR_Barrel_762",
            "MaxPriceThreshold": 11000,
            "MinPriceThreshold": 9000,
            "SellPricePercent": -1.0,
            "MaxStockThreshold": 100,
            "MinStockThreshold": 1,
            "QuantityPercent": -1,
            "SpawnAttachments": [],
            "Variants": []
        },
        {
            "ClassName": "TTC_DMR_Barrel_556",
            "MaxPriceThreshold": 10000,
            "MinPriceThreshold": 8000,
            "SellPricePercent": -1.0,
            "MaxStockThreshold": 100,
            "MinStockThreshold": 1,
            "QuantityPercent": -1,
            "SpawnAttachments": [],
            "Variants": []
        },
        {
            "ClassName": "TTC_AKMod_RifleFrame",
            "MaxPriceThreshold": 15000,
            "MinPriceThreshold": 12000,
            "SellPricePercent": -1.0,
            "MaxStockThreshold": 100,
            "MinStockThreshold": 1,
            "QuantityPercent": -1,
            "SpawnAttachments": [],
            "Variants": []
        },
        {
            "ClassName": "TTC_AKMod_Barrel_76239",
            "MaxPriceThreshold": 11000,
            "MinPriceThreshold": 9000,
            "SellPricePercent": -1.0,
            "MaxStockThreshold": 100,
            "MinStockThreshold": 1,
            "QuantityPercent": -1,
            "SpawnAttachments": [],
            "Variants": []
        },
        {
            "ClassName": "TTC_AKMod_Barrel_76254",
            "MaxPriceThreshold": 11000,
            "MinPriceThreshold": 9000,
            "SellPricePercent": -1.0,
            "MaxStockThreshold": 100,
            "MinStockThreshold": 1,
            "QuantityPercent": -1,
            "SpawnAttachments": [],
            "Variants": []
        }
    ]
}