{
    "m_Version": 12,
    "DisplayName": "Mortys Ammo Boxes",
    "Icon": "Deliver",
    "Color": "FBFCFEFF",
    "IsExchange": 0,
    "InitStockPercent": 1.0,
    "Items": [
        {
            "ClassName": "TTC_AmmoBox_8mm_20Rnd",
            "MaxPriceThreshold": 90,
            "MinPriceThreshold": 90,
            "SellPricePercent": -1.0,
            "MaxStockThreshold": 1000,
            "MinStockThreshold": 1,
            "QuantityPercent": -1,
            "SpawnAttachments": [],
            "Variants": []
        },
        {
            "ClassName": "TTC_AmmoBox_300blk_20rnd",
            "MaxPriceThreshold": 110,
            "MinPriceThreshold": 110,
            "SellPricePercent": -1.0,
            "MaxStockThreshold": 1000,
            "MinStockThreshold": 1,
            "QuantityPercent": -1,
            "SpawnAttachments": [],
            "Variants": []
        },
        {
            "ClassName": "TTC_AmmoBox_338mm_10Rnd",
            "MaxPriceThreshold": 110,
            "MinPriceThreshold": 110,
            "SellPricePercent": -1.0,
            "MaxStockThreshold": 1000,
            "MinStockThreshold": 1,
            "QuantityPercent": -1,
            "SpawnAttachments": [],
            "Variants": []
        },
        {
            "ClassName": "TTC_AmmoBox_50Beo_20rnd",
            "MaxPriceThreshold": 110,
            "MinPriceThreshold": 110,
            "SellPricePercent": -1.0,
            "MaxStockThreshold": 1000,
            "MinStockThreshold": 1,
            "QuantityPercent": -1,
            "SpawnAttachments": [],
            "Variants": []
        },
        {
            "ClassName": "TTC_Ammobox_50BMG_10rnd",
            "MaxPriceThreshold": 110,
            "MinPriceThreshold": 110,
            "SellPricePercent": -1.0,
            "MaxStockThreshold": 1000,
            "MinStockThreshold": 1,
            "QuantityPercent": -1,
            "SpawnAttachments": [],
            "Variants": []
        },
        {
            "ClassName": "TTC_AmmoBox_303_20Rnd",
            "MaxPriceThreshold": 110,
            "MinPriceThreshold": 110,
            "SellPricePercent": -1.0,
            "MaxStockThreshold": 1000,
            "MinStockThreshold": 1,
            "QuantityPercent": -1,
            "SpawnAttachments": [],
            "Variants": []
        },
        {
            "ClassName": "TTC_AmmoBox_3006_20Rnd",
            "MaxPriceThreshold": 110,
            "MinPriceThreshold": 110,
            "SellPricePercent": -1.0,
            "MaxStockThreshold": 1000,
            "MinStockThreshold": 1,
            "QuantityPercent": -1,
            "SpawnAttachments": [],
            "Variants": []
        },
        {
            "ClassName": "TTC_AmmoBox_4570_20Rnd",
            "MaxPriceThreshold": 110,
            "MinPriceThreshold": 110,
            "SellPricePercent": -1.0,
            "MaxStockThreshold": 1000,
            "MinStockThreshold": 1,
            "QuantityPercent": -1,
            "SpawnAttachments": [],
            "Variants": []
        },
        {
            "ClassName": "TTC_AmmoBox_4630_20Rnd",
            "MaxPriceThreshold": 110,
            "MinPriceThreshold": 110,
            "SellPricePercent": -1.0,
            "MaxStockThreshold": 1000,
            "MinStockThreshold": 1,
            "QuantityPercent": -1,
            "SpawnAttachments": [],
            "Variants": []
        },
        {
            "ClassName": "TTC_AmmoBox_792x33_20Rnd",
            "MaxPriceThreshold": 110,
            "MinPriceThreshold": 110,
            "SellPricePercent": -1.0,
            "MaxStockThreshold": 1000,
            "MinStockThreshold": 1,
            "QuantityPercent": -1,
            "SpawnAttachments": [],
            "Variants": []
        },
        {
            "ClassName": "TTC_AmmoBox_50AE",
            "MaxPriceThreshold": 110,
            "MinPriceThreshold": 110,
            "SellPricePercent": -1.0,
            "MaxStockThreshold": 1000,
            "MinStockThreshold": 1,
            "QuantityPercent": -1,
            "SpawnAttachments": [],
            "Variants": []
        },
        {
            "ClassName": "TTC_AmmoBox_277_20Rnd",
            "MaxPriceThreshold": 110,
            "MinPriceThreshold": 110,
            "SellPricePercent": -1.0,
            "MaxStockThreshold": 1000,
            "MinStockThreshold": 1,
            "QuantityPercent": -1,
            "SpawnAttachments": [],
            "Variants": []
        },
        {
            "ClassName": "TTC_AmmoBox_44Mag",
            "MaxPriceThreshold": 110,
            "MinPriceThreshold": 110,
            "SellPricePercent": -1.0,
            "MaxStockThreshold": 1000,
            "MinStockThreshold": 1,
            "QuantityPercent": -1,
            "SpawnAttachments": [],
            "Variants": []
        }
    ]
}