{
    "m_Version": 12,
    "DisplayName": "Morty PDW´s",
    "Icon": "Deliver",
    "Color": "FBFCFEFF",
    "IsExchange": 0,
    "InitStockPercent": 1.0,
    "Items": [
        {
            "ClassName": "TTC_KAC",
            "MaxPriceThreshold": 16000,
            "MinPriceThreshold": 12000,
            "SellPricePercent": -1.0,
            "MaxStockThreshold": 100,
            "MinStockThreshold": 1,
            "QuantityPercent": -1,
            "SpawnAttachments": [],
            "Variants": []
        },
        {
            "ClassName": "TTC_AACHoney",
            "MaxPriceThreshold": 15000,
            "MinPriceThreshold": 11000,
            "SellPricePercent": -1.0,
            "MaxStockThreshold": 100,
            "MinStockThreshold": 1,
            "QuantityPercent": -1,
            "SpawnAttachments": [],
            "Variants": [
                "TTC_AACHoney_B"
            ]
        },
        {
            "ClassName": "TTC_AACHoney_300blk",
            "MaxPriceThreshold": 18000,
            "MinPriceThreshold": 15000,
            "SellPricePercent": -1.0,
            "MaxStockThreshold": 100,
            "MinStockThreshold": 1,
            "QuantityPercent": -1,
            "SpawnAttachments": [],
            "Variants": [
                "TTC_AACHoney_300blk_B"
            ]
        }
    ]
}