{
    "m_Version": 12,
    "DisplayName": "Morty Handguns",
    "Icon": "Deliver",
    "Color": "FBFCFEFF",
    "IsExchange": 0,
    "InitStockPercent": 1.0,
    "Items": [
        {
            "ClassName": "TTC_Kimber",
            "MaxPriceThreshold": 1500,
            "MinPriceThreshold": 750,
            "SellPricePercent": -1.0,
            "MaxStockThreshold": 100,
            "MinStockThreshold": 1,
            "QuantityPercent": -1,
            "SpawnAttachments": [],
            "Variants": []
        },
        {
            "ClassName": "TTC_M9",
            "MaxPriceThreshold": 1500,
            "MinPriceThreshold": 700,
            "SellPricePercent": -1.0,
            "MaxStockThreshold": 100,
            "MinStockThreshold": 1,
            "QuantityPercent": -1,
            "SpawnAttachments": [],
            "Variants": []
        },
        {
            "ClassName": "TTC_Deagle",
            "MaxPriceThreshold": 3500,
            "MinPriceThreshold": 2000,
            "SellPricePercent": -1.0,
            "MaxStockThreshold": 100,
            "MinStockThreshold": 1,
            "QuantityPercent": -1,
            "SpawnAttachments": [],
            "Variants": []
        },
        {
            "ClassName": "TTC_Glock17",
            "MaxPriceThreshold": 3000,
            "MinPriceThreshold": 1800,
            "SellPricePercent": -1.0,
            "MaxStockThreshold": 100,
            "MinStockThreshold": 1,
            "QuantityPercent": -1,
            "SpawnAttachments": [],
            "Variants": []
        },
        {
            "ClassName": "TTC_M9_Custom",
            "MaxPriceThreshold": 1200,
            "MinPriceThreshold": 900,
            "SellPricePercent": -1.0,
            "MaxStockThreshold": 100,
            "MinStockThreshold": 1,
            "QuantityPercent": -1,
            "SpawnAttachments": [],
            "Variants": []
        },
        {
            "ClassName": "TTC_44Magnum",
            "MaxPriceThreshold": 1700,
            "MinPriceThreshold": 1500,
            "SellPricePercent": -1.0,
            "MaxStockThreshold": 100,
            "MinStockThreshold": 1,
            "QuantityPercent": -1,
            "SpawnAttachments": [],
            "Variants": [
                "TTC_44Magnum_Black"
            ]
        },
        {
            "ClassName": "TTC_P320",
            "MaxPriceThreshold": 900,
            "MinPriceThreshold": 700,
            "SellPricePercent": -1.0,
            "MaxStockThreshold": 100,
            "MinStockThreshold": 1,
            "QuantityPercent": -1,
            "SpawnAttachments": [],
            "Variants": []
        }
    ]
}