{
    "m_Version": 12,
    "DisplayName": "Morty Sniper",
    "Icon": "Deliver",
    "Color": "FBFCFEFF",
    "IsExchange": 0,
    "InitStockPercent": 5.0,
    "Items": [
        {
            "ClassName": "TTCSR25",
            "MaxPriceThreshold": 20000,
            "MinPriceThreshold": 14000,
            "SellPricePercent": 60,
            "MaxStockThreshold": 100,
            "MinStockThreshold": 1,
            "QuantityPercent": -1,
            "SpawnAttachments": [],
            "Variants": [
                "TTCSR25_Desert",
                "TTCSR25_Snow",
                "TTCSR25_OD"
            ]
        },
        {
            "ClassName": "TTC_FD338",
            "MaxPriceThreshold": 40000,
            "MinPriceThreshold": 34000,
            "SellPricePercent": 60,
            "MaxStockThreshold": 100,
            "MinStockThreshold": 1,
            "QuantityPercent": -1,
            "SpawnAttachments": [],
            "Variants": []
        },
        {
            "ClassName": "TTC_Beowulf",
            "MaxPriceThreshold": 40000,
            "MinPriceThreshold": 34000,
            "SellPricePercent": 60,
            "MaxStockThreshold": 100,
            "MinStockThreshold": 1,
            "QuantityPercent": -1,
            "SpawnAttachments": [],
            "Variants": []
        },
        {
            "ClassName": "TTC_M82",
            "MaxPriceThreshold": 80000,
            "MinPriceThreshold": 60000,
            "SellPricePercent": 60,
            "MaxStockThreshold": 100,
            "MinStockThreshold": 1,
            "QuantityPercent": -1,
            "SpawnAttachments": [],
            "Variants": [
                "TTC_M82_Tan"
            ]
        },
        {
            "ClassName": "TTC_MRAD",
            "MaxPriceThreshold": 30000,
            "MinPriceThreshold": 20000,
            "SellPricePercent": 60,
            "MaxStockThreshold": 100,
            "MinStockThreshold": 1,
            "QuantityPercent": -1,
            "SpawnAttachments": [],
            "Variants": []
        },
        {
            "ClassName": "TTC_AWM",
            "MaxPriceThreshold": 40000,
            "MinPriceThreshold": 34000,
            "SellPricePercent": 60,
            "MaxStockThreshold": 100,
            "MinStockThreshold": 1,
            "QuantityPercent": -1,
            "SpawnAttachments": [],
            "Variants": []
        },
        {
            "ClassName": "TTC_GEVAR43",
            "MaxPriceThreshold": 80000,
            "MinPriceThreshold": 60000,
            "SellPricePercent": 60,
            "MaxStockThreshold": 100,
            "MinStockThreshold": 1,
            "QuantityPercent": -1,
            "SpawnAttachments": [],
            "Variants": [
                "TTC_GEVAR43_Green",
                "TTC_GEVAR43_Tan",
                "TTC_GEVAR43_silver"
            ]
        }
    ]
}