{
    "m_Version": 12,
    "DisplayName": "Mortys Buttstocks",
    "Icon": "Deliver",
    "Color": "FBFCFEFF",
    "IsExchange": 0,
    "InitStockPercent": 1.0,
    "Items": [
        {
            "ClassName": "TTC_Buttstock",
            "MaxPriceThreshold": 300,
            "MinPriceThreshold": 300,
            "SellPricePercent": -1.0,
            "MaxStockThreshold": 100,
            "MinStockThreshold": 1,
            "QuantityPercent": -1,
            "SpawnAttachments": [],
            "Variants": [
                "TTC_Buttstock2",
                "TTC_Buttstock3",
                "TTC_Buttstock_CAR15",
                "TTC_Buttstock_Camo",
                "TTC_Buttstock_Digitan",
                "TTC_Buttstock_Tan",
                "TTC_Buttstock_UPC",
                "TTC_ButtstockHK",
                "TTC_Buttstock_Morty"
            ]
        },
        {
            "ClassName": "TTC_AKMod_bttstk",
            "MaxPriceThreshold": 300,
            "MinPriceThreshold": 300,
            "SellPricePercent": -1.0,
            "MaxStockThreshold": 100,
            "MinStockThreshold": 1,
            "QuantityPercent": -1,
            "SpawnAttachments": [],
            "Variants": [
				"TTC_AKMod_Gold_bttstk",
                "TTC_AKMod_Snow_bttstk",
                "TTC_AKMod_Multi_bttstk",
                "TTC_AKMod_Digi_bttstk",
                "TTC_AKMod_Tan_bttstk",
				"TTC_Buttstock_AK12"
            ]
        },
        {
            "ClassName": "TTC_MPXMCX1_Bttstck",
            "MaxPriceThreshold": 300,
            "MinPriceThreshold": 300,
            "SellPricePercent": -1.0,
            "MaxStockThreshold": 100,
            "MinStockThreshold": 1,
            "QuantityPercent": -1,
            "SpawnAttachments": [],
            "Variants": [
                "TTC_MPXMCX2_Bttstck",
				"TTC_MPXMCXSPEAR_Bttstck",
				"TTC_MPXMCX1_Bttstck2"
            ]
        },
        {
            "ClassName": "TTC_Buttstock_Honey",
            "MaxPriceThreshold": 300,
            "MinPriceThreshold": 300,
            "SellPricePercent": -1.0,
            "MaxStockThreshold": 100,
            "MinStockThreshold": 1,
            "QuantityPercent": -1,
            "SpawnAttachments": [],
            "Variants": []
        },
        {
            "ClassName": "TTC_FAL_Wood_Bttstck",
            "MaxPriceThreshold": 300,
            "MinPriceThreshold": 300,
            "SellPricePercent": -1.0,
            "MaxStockThreshold": 100,
            "MinStockThreshold": 1,
            "QuantityPercent": -1,
            "SpawnAttachments": [],
            "Variants": []
        }
    ]
}