{
    "m_Version": 12,
    "DisplayName": "Morty AssaultRilfes",
    "Icon": "Deliver",
    "Color": "FBFCFEFF",
    "IsExchange": 0,
    "InitStockPercent": 1.0,
    "Items": [
        {
            "ClassName": "TTC_HK416Black",
            "MaxPriceThreshold": 20000,
            "MinPriceThreshold": 10000,
            "SellPricePercent": -1.0,
            "MaxStockThreshold": 100,
            "MinStockThreshold": 1,
            "QuantityPercent": -1,
            "SpawnAttachments": [],
            "Variants": [
                "TTC_HK416OD",
                "TTC_HK416Tan"
            ]
        },
        {
            "ClassName": "TTC_SG552",
            "MaxPriceThreshold": 20000,
            "MinPriceThreshold": 10000,
            "SellPricePercent": -1.0,
            "MaxStockThreshold": 100,
            "MinStockThreshold": 1,
            "QuantityPercent": -1,
            "SpawnAttachments": [],
            "Variants": [
                "TTC_SG552_Wood",
                "TTC_SG552_Black"
            ]
        },
        {
            "ClassName": "TTC_SG550",
            "MaxPriceThreshold": 20000,
            "MinPriceThreshold": 10000,
            "SellPricePercent": -1.0,
            "MaxStockThreshold": 100,
            "MinStockThreshold": 1,
            "QuantityPercent": -1,
            "SpawnAttachments": [],
            "Variants": [
                "TTC_SG550_Black",
                "TTC_SG550_Pink"
            ]
        },
        {
            "ClassName": "TTC_M16",
            "MaxPriceThreshold": 20000,
            "MinPriceThreshold": 10000,
            "SellPricePercent": -1.0,
            "MaxStockThreshold": 100,
            "MinStockThreshold": 1,
            "QuantityPercent": -1,
            "SpawnAttachments": [],
            "Variants": []
        },
        {
            "ClassName": "TTC_AEK973",
            "MaxPriceThreshold": 20000,
            "MinPriceThreshold": 10000,
            "SellPricePercent": -1.0,
            "MaxStockThreshold": 100,
            "MinStockThreshold": 1,
            "QuantityPercent": -1,
            "SpawnAttachments": [],
            "Variants": []
        },
        {
            "ClassName": "TTC_SCARH",
            "MaxPriceThreshold": 20000,
            "MinPriceThreshold": 10000,
            "SellPricePercent": -1.0,
            "MaxStockThreshold": 100,
            "MinStockThreshold": 1,
            "QuantityPercent": -1,
            "SpawnAttachments": [],
            "Variants": [
                "TTC_SCARHBlack"
            ]
        },
        {
            "ClassName": "TTC_SCARL",
            "MaxPriceThreshold": 20000,
            "MinPriceThreshold": 10000,
            "SellPricePercent": -1.0,
            "MaxStockThreshold": 100,
            "MinStockThreshold": 1,
            "QuantityPercent": -1,
            "SpawnAttachments": [],
            "Variants": [
                "TTC_SCARLBlack",
                "TTC_SCARLSnow"
            ]
        },
        {
            "ClassName": "TTC_M16A4",
            "MaxPriceThreshold": 20000,
            "MinPriceThreshold": 10000,
            "SellPricePercent": -1.0,
            "MaxStockThreshold": 100,
            "MinStockThreshold": 1,
            "QuantityPercent": -1,
            "SpawnAttachments": [],
            "Variants": []
        },
        {
            "ClassName": "TTC_M4Tac",
            "MaxPriceThreshold": 20000,
            "MinPriceThreshold": 10000,
            "SellPricePercent": -1.0,
            "MaxStockThreshold": 100,
            "MinStockThreshold": 1,
            "QuantityPercent": -1,
            "SpawnAttachments": [],
            "Variants": [
                "TTC_M4Tac_Black"
            ]
        },
        {
            "ClassName": "TTC_M14",
            "MaxPriceThreshold": 20000,
            "MinPriceThreshold": 10000,
            "SellPricePercent": -1.0,
            "MaxStockThreshold": 100,
            "MinStockThreshold": 1,
            "QuantityPercent": -1,
            "SpawnAttachments": [],
            "Variants": [
                "TTC_M14_Camo",
                "TTC_M14_Snow"
            ]
        },
        {
            "ClassName": "TTC_AK12",
            "MaxPriceThreshold": 20000,
            "MinPriceThreshold": 10000,
            "SellPricePercent": -1.0,
            "MaxStockThreshold": 100,
            "MinStockThreshold": 1,
            "QuantityPercent": -1,
            "SpawnAttachments": [],
            "Variants": [
                "TTC_AK12_Worn"
            ]
        },
        {
            "ClassName": "TTC_G3",
            "MaxPriceThreshold": 20000,
            "MinPriceThreshold": 10000,
            "SellPricePercent": -1.0,
            "MaxStockThreshold": 100,
            "MinStockThreshold": 1,
            "QuantityPercent": -1,
            "SpawnAttachments": [],
            "Variants": []
        },
        {
            "ClassName": "TTC_HK417",
            "MaxPriceThreshold": 20000,
            "MinPriceThreshold": 10000,
            "SellPricePercent": -1.0,
            "MaxStockThreshold": 100,
            "MinStockThreshold": 1,
            "QuantityPercent": -1,
            "SpawnAttachments": [],
            "Variants": []
        },
        {
            "ClassName": "TTC_AKMod",
            "MaxPriceThreshold": 20000,
            "MinPriceThreshold": 10000,
            "SellPricePercent": -1.0,
            "MaxStockThreshold": 100,
            "MinStockThreshold": 1,
            "QuantityPercent": -1,
            "SpawnAttachments": [],
            "Variants": [
                "TTC_AKMod_Gold",
                "TTC_AKMod_Snow",
                "TTC_AKMod_Multi",
                "TTC_AKMod_Digi",
                "TTC_AKMod_Tan"
            ]
        },
        {
            "ClassName": "TTC_AKModPK",
            "MaxPriceThreshold": 25000,
            "MinPriceThreshold": 15000,
            "SellPricePercent": -1.0,
            "MaxStockThreshold": 100,
            "MinStockThreshold": 1,
            "QuantityPercent": -1,
            "SpawnAttachments": [],
            "Variants": [
                "TTC_AKModPK_Gold",
                "TTC_AKModPK_Snow",
                "TTC_AKModPK_Multi",
                "TTC_AKModPK_Digi",
                "TTC_AKModPK_Tan"
            ]
        },
        {
            "ClassName": "TTC_AG3",
            "MaxPriceThreshold": 25000,
            "MinPriceThreshold": 15000,
            "SellPricePercent": -1.0,
            "MaxStockThreshold": 100,
            "MinStockThreshold": 1,
            "QuantityPercent": -1,
            "SpawnAttachments": [],
            "Variants": []
        },
        {
            "ClassName": "TTC_FAL",
            "MaxPriceThreshold": 25000,
            "MinPriceThreshold": 15000,
            "SellPricePercent": -1.0,
            "MaxStockThreshold": 100,
            "MinStockThreshold": 1,
            "QuantityPercent": -1,
            "SpawnAttachments": [],
            "Variants": []
        },
        {
            "ClassName": "TTC_CAR15",
            "MaxPriceThreshold": 25000,
            "MinPriceThreshold": 15000,
            "SellPricePercent": -1.0,
            "MaxStockThreshold": 100,
            "MinStockThreshold": 1,
            "QuantityPercent": -1,
            "SpawnAttachments": [],
            "Variants": []
        },
        {
            "ClassName": "TTC_MCX",
            "MaxPriceThreshold": 25000,
            "MinPriceThreshold": 15000,
            "SellPricePercent": -1.0,
            "MaxStockThreshold": 100,
            "MinStockThreshold": 1,
            "QuantityPercent": -1,
            "SpawnAttachments": [],
            "Variants": [
                "TTC_MCX_Tan"
            ]
        },
        {
            "ClassName": "TTC_AKM",
            "MaxPriceThreshold": 25000,
            "MinPriceThreshold": 15000,
            "SellPricePercent": -1.0,
            "MaxStockThreshold": 100,
            "MinStockThreshold": 1,
            "QuantityPercent": -1,
            "SpawnAttachments": [],
            "Variants": []
        },
        {
            "ClassName": "TTC_MCX_300blk",
            "MaxPriceThreshold": 25000,
            "MinPriceThreshold": 15000,
            "SellPricePercent": -1.0,
            "MaxStockThreshold": 100,
            "MinStockThreshold": 1,
            "QuantityPercent": -1,
            "SpawnAttachments": [],
            "Variants": [
                "TTC_MCX_Tan_300blk"
            ]
        },
        {
            "ClassName": "TTC_STG44",
            "MaxPriceThreshold": 20000,
            "MinPriceThreshold": 10000,
            "SellPricePercent": -1.0,
            "MaxStockThreshold": 100,
            "MinStockThreshold": 1,
            "QuantityPercent": -1,
            "SpawnAttachments": [],
            "Variants": []
        },
        {
            "ClassName": "TTC_BAR",
            "MaxPriceThreshold": 20000,
            "MinPriceThreshold": 10000,
            "SellPricePercent": -1.0,
            "MaxStockThreshold": 100,
            "MinStockThreshold": 1,
            "QuantityPercent": -1,
            "SpawnAttachments": [],
            "Variants": []
        },
        {
            "ClassName": "TTC_L85",
            "MaxPriceThreshold": 20000,
            "MinPriceThreshold": 10000,
            "SellPricePercent": -1.0,
            "MaxStockThreshold": 100,
            "MinStockThreshold": 1,
            "QuantityPercent": -1,
            "SpawnAttachments": [],
            "Variants": []
        },
        {
            "ClassName": "TTC_TAVOR",
            "MaxPriceThreshold": 20000,
            "MinPriceThreshold": 10000,
            "SellPricePercent": -1.0,
            "MaxStockThreshold": 100,
            "MinStockThreshold": 1,
            "QuantityPercent": -1,
            "SpawnAttachments": [],
            "Variants": []
        },
        {
            "ClassName": "TTC_HK416Comp",
            "MaxPriceThreshold": 20000,
            "MinPriceThreshold": 10000,
            "SellPricePercent": -1.0,
            "MaxStockThreshold": 100,
            "MinStockThreshold": 1,
            "QuantityPercent": -1,
            "SpawnAttachments": [],
            "Variants": []
        },
        {
            "ClassName": "TTC_MCX_Spear",
            "MaxPriceThreshold": 20000,
            "MinPriceThreshold": 10000,
            "SellPricePercent": -1.0,
            "MaxStockThreshold": 100,
            "MinStockThreshold": 1,
            "QuantityPercent": -1,
            "SpawnAttachments": [],
            "Variants": [
                "TTC_MCX_Spear_Black"
            ]
        },
        {
            "ClassName": "TTC_MK18",
            "MaxPriceThreshold": 20000,
            "MinPriceThreshold": 10000,
            "SellPricePercent": -1.0,
            "MaxStockThreshold": 100,
            "MinStockThreshold": 1,
            "QuantityPercent": -1,
            "SpawnAttachments": [],
            "Variants": [
                "TTC_MK18_Black"
            ]
        },
        {
            "ClassName": "TTC_Mk47",
            "MaxPriceThreshold": 25000,
            "MinPriceThreshold": 15000,
            "SellPricePercent": -1.0,
            "MaxStockThreshold": 100,
            "MinStockThreshold": 1,
            "QuantityPercent": -1,
            "SpawnAttachments": [],
            "Variants": []
        },
        {
            "ClassName": "TTC_VHS",
            "MaxPriceThreshold": 25000,
            "MinPriceThreshold": 15000,
            "SellPricePercent": -1.0,
            "MaxStockThreshold": 100,
            "MinStockThreshold": 1,
            "QuantityPercent": -1,
            "SpawnAttachments": [],
            "Variants": []
        }
    ]
}