{
    "m_Version": 12,
    "DisplayName": "Morty BoltActionRilfes",
    "Icon": "Deliver",
    "Color": "FBFCFEFF",
    "IsExchange": 0,
    "InitStockPercent": 1.0,
    "Items": [
        {
            "ClassName": "TTC_MAS36",
            "MaxPriceThreshold": 20000,
            "MinPriceThreshold": 14000,
            "SellPricePercent": -1.0,
            "MaxStockThreshold": 100,
            "MinStockThreshold": 1,
            "QuantityPercent": -1,
            "SpawnAttachments": [],
            "Variants": []
        },
        {
            "ClassName": "TTC_Winchester1873",
            "MaxPriceThreshold": 20000,
            "MinPriceThreshold": 14000,
            "SellPricePercent": -1.0,
            "MaxStockThreshold": 100,
            "MinStockThreshold": 1,
            "QuantityPercent": -1,
            "SpawnAttachments": [],
            "Variants": []
        },
        {
            "ClassName": "TTC_kar98k",
            "MaxPriceThreshold": 20000,
            "MinPriceThreshold": 14000,
            "SellPricePercent": -1.0,
            "MaxStockThreshold": 100,
            "MinStockThreshold": 1,
            "QuantityPercent": -1,
            "SpawnAttachments": [],
            "Variants": []
        },
        {
            "ClassName": "TTC_R700",
            "MaxPriceThreshold": 20000,
            "MinPriceThreshold": 14000,
            "SellPricePercent": -1.0,
            "MaxStockThreshold": 100,
            "MinStockThreshold": 1,
            "QuantityPercent": -1,
            "SpawnAttachments": [],
            "Variants": []
        },
        {
            "ClassName": "TTC_M24",
            "MaxPriceThreshold": 40000,
            "MinPriceThreshold": 30000,
            "SellPricePercent": -1.0,
            "MaxStockThreshold": 100,
            "MinStockThreshold": 1,
            "QuantityPercent": -1,
            "SpawnAttachments": [],
            "Variants": [
                "TTC_M24_Bjorn",
                "TTC_M24_Woodland",
                "TTC_M24_WoodlandOld"
            ]
        },
        {
            "ClassName": "TTC_LeeEnfield",
            "MaxPriceThreshold": 20000,
            "MinPriceThreshold": 14000,
            "SellPricePercent": -1.0,
            "MaxStockThreshold": 100,
            "MinStockThreshold": 1,
            "QuantityPercent": -1,
            "SpawnAttachments": [],
            "Variants": []
        },
        {
            "ClassName": "TTC_XM2010",
            "MaxPriceThreshold": 20000,
            "MinPriceThreshold": 14000,
            "SellPricePercent": -1.0,
            "MaxStockThreshold": 100,
            "MinStockThreshold": 1,
            "QuantityPercent": -1,
            "SpawnAttachments": [],
            "Variants": []
        },
        {
            "ClassName": "TTC_R700_Black",
            "MaxPriceThreshold": 20000,
            "MinPriceThreshold": 14000,
            "SellPricePercent": -1.0,
            "MaxStockThreshold": 100,
            "MinStockThreshold": 1,
            "QuantityPercent": -1,
            "SpawnAttachments": [],
            "Variants": []
        },
        {
            "ClassName": "TTC_M24_NEW_Black",
            "MaxPriceThreshold": 45000,
            "MinPriceThreshold": 35000,
            "SellPricePercent": -1.0,
            "MaxStockThreshold": 100,
            "MinStockThreshold": 1,
            "QuantityPercent": -1,
            "SpawnAttachments": [],
            "Variants": [
                "TTC_M24_NEW_Wood",
                "TTC_M24_NEW_Camo",
                "TTC_M24_NEW_CamoW"
            ]
        },
        {
            "ClassName": "TTC_M1903",
            "MaxPriceThreshold": 45000,
            "MinPriceThreshold": 35000,
            "SellPricePercent": -1.0,
            "MaxStockThreshold": 100,
            "MinStockThreshold": 1,
            "QuantityPercent": -1,
            "SpawnAttachments": [],
            "Variants": []
        }
    ]
}